Î´s,cond_numbers,el2s,eh1s,ehs_energy
0.0,8.563887561057422e6,0.03038916662668661,0.13033054277581987,2.199276882843249
0.001278885511063846,1.0876971862674013e7,0.030387033041005873,0.13032711260354432,2.1993146796268257
0.002557771022127692,1.3902583698171299e7,0.0303805787870314,0.13031664025026793,2.1994277104257716
0.003836656533191538,1.788937869935156e7,0.03036972781577608,0.1302990199156852,2.1996151921206795
0.005115542044255384,2.318437569746244e7,0.030354354186513513,0.13027407569331964,2.1998758672630774
0.00639442755531923,3.0276962231642462e7,0.03033428422581673,0.13024156469165107,2.2002080771840524
0.007673313066383076,3.986509802304809e7,0.03030929962384367,0.1302011814687602,2.200609868351513
0.008952198577446922,5.2956305252998024e7,0.03027914148320994,0.13015256379425863,2.2010791359638167
0.010231084088510768,9.825502260802748e17,0.030334590906456727,0.1301381906960777,2.852342495496472
0.011509969599574614,1.5155781014944655e15,0.030058168569207486,0.1297846505012533,2.3955403860235407
0.01278885511063846,5.3174634770453055e13,0.029838529460181028,0.12950815678673963,2.296358306633775
0.014067740621702306,4.2325530454262114e12,0.029668961808381536,0.1293013770595946,2.2588365468526144
0.015346626132766153,2.41648183076512e11,0.02955126452520342,0.1291697125686047,2.244035470067693
0.01662551164383,1.802908261942021e11,0.029500478502917843,0.12913964850437,2.244033944780529
0.017904397154893843,1.9012444141971335e11,0.029565183010556266,0.1292930079533846,2.2659668605647036
0.01918328266595769,1.7385752078200647e11,0.029928102143383994,0.12993895591777066,2.363988815924441
0.020462168177021536,2.2849320483386618e11,0.032001534505660435,0.13358594985676842,3.163267792811798
0.021741053688085384,2.7569726059247644e11,0.02593540167084089,0.12518549614543845,6.309958492888548
0.023019939199149228,3.04980761851071e10,0.026917232917671938,0.12538789858538366,2.740756479839919
0.024298824710213076,6.282151070291011e9,0.02734693012604387,0.12603380162193115,2.4912634263219435
0.02557771022127692,8.122352322318603e9,0.027481793636889813,0.12629587488044552,2.4705468392825325
0.02685659573234077,1.4410669843110796e10,0.027519446538350437,0.12648758656989234,2.58805696040745
0.028135481243404613,2.689304604408496e10,0.027520938246639114,0.12699802290334194,3.198644069251206
0.029414366754468457,9.220911107169466e10,0.028577053512580882,0.20063090991279547,31.250634540487386
0.030693252265532305,6.173114467489393e20,0.027367359243515816,0.12581562293457,4.643693668913755
0.03197213777659615,2.699618368060122e18,0.027981527174254398,0.126659479773271,3.1723388457656254
0.03325102328766,1.5777417695934678e17,0.027713280839077342,0.12626266601159775,2.7659741266780196
0.03452990879872384,2.2451925227286336e16,0.027566729864865396,0.12607382222339836,2.5922000287500033
0.035808794309787687,5.042914409981694e15,0.027454007888384542,0.12593238596021078,2.5053365035030417
0.03708767982085154,1.4953986663924162e15,0.027375835814566957,0.1258394093947398,2.5138662447040097
0.03836656533191538,5.34309745009636e14,0.027264608395213077,0.1257414188788581,2.5164622403186416
0.03964545084297923,1.155348960728202e15,0.027245472242880694,0.1256887164805501,2.457621338273504
0.04092433635404307,1.568362448707891e16,0.02728035848851929,0.12573834649899343,2.5165898502504396
0.042203221865106916,1.3955887609411346e19,0.027495337675274185,0.1260632204399747,2.7583666015640604
0.04348210737617077,2.4719079281262566e13,0.028897130205132796,0.12854728805507287,4.2596235309185735
0.04476099288723461,1.3310094546389271e13,0.028467248247829053,0.13288051785917235,7.883081475590776
0.046039878398298456,7.406388967220589e12,0.02628514798688495,0.1250444602851116,2.958722022425385
0.04731876390936231,4.2114984008222207e12,0.02639399795754653,0.12491408554186226,2.562765177990033
0.04859764942042615,2.4166765742798965e12,0.026494052518643018,0.12498460093503662,2.473312624384415
0.04987653493148999,1.3758695066166294e12,0.026601609720437035,0.12512368413343702,2.459517292753737
0.05115542044255384,7.551538818535143e11,0.026739863709488113,0.1253380519725652,2.4817844410277763
0.052434305953617685,3.7474184170925714e11,0.02693419689931251,0.12566252218167737,2.5345152510555096
0.05371319146468154,1.3393042292161646e11,0.02722212752468992,0.12616297715520633,2.6260477699175997
0.05499207697574538,2.715720055066954e10,0.02767132144722425,0.12696892756651468,2.7801394886801973
0.056270962486809226,1.455743437114115e11,0.028424972139797916,0.12836908318500767,3.0522557549327964
0.05754984799787308,2.5347623850743628e11,0.029849581849545313,0.13114366944615158,3.5854240832827124
0.058828733508936915,3.998625495791998e11,0.03320494709660394,0.13819240517011402,4.849023997438261
0.06010761902000076,8.025846846928491e11,0.04608397924269367,0.17100888724865299,9.726310442130021
0.06138650453106461,4.3545789551004307e12,0.22227820342861263,0.6838449282297219,63.5019727909176
0.06266539004212845,4.196319163961977e11,0.02701088250631051,0.1324665181324857,7.813348096009029
0.0639442755531923,1.7003701724312958e11,0.024661478505327714,0.12623724111037218,6.684852352191983
0.06522316106425616,8.04961175133843e10,0.03360418944683814,0.1432316083165255,10.3734591778778
0.06650204657532,3.545354873756009e10,0.024349557738969036,0.12198135718611058,3.923131230987092
0.06778093208638383,1.019737074160962e10,0.02387138141492543,0.12081660038373745,3.1752685733326653
0.06905981759744768,1.5889450902010653e10,0.023859571781549748,0.12058109902781684,2.9101583596293095
0.07033870310851154,2.6897157397508175e10,0.023958518048537124,0.12055780704228576,2.7997487901552582
0.07161758861957537,4.9663009171978966e10,0.024126274360665688,0.12063612983843534,2.7814300917303885
0.07289647413063922,1.0016741668473204e11,0.024422259570174458,0.1208707400531234,2.883407484832043
0.07417535964170308,2.0261028216074982e11,0.02531084554215085,0.12202666143263592,3.5051915908239657
0.07545424515276691,3.294964383512775e12,0.03523317487655409,0.19288705091656372,18.99516881622218
0.07673313066383076,4.76037480656989e12,0.02334148415913414,0.12128511082537509,3.2991852388592178
0.0780120161748946,3.226270210996435e13,0.02374762018064161,0.12097729249736063,3.2184500874188804
0.07929090168595845,2.856442280144977e14,0.024002692357502343,0.12128148165071802,3.7040258924981355
0.08056978719702229,1.6337113873631992e11,0.024211498302404388,0.1223981755359529,4.751058609319366
0.08184867270808614,4.77774758586179e11,0.026192231103207182,0.13271844691016213,11.659582847246858
0.08312755821914998,3.976162459365775e11,0.020711497148002946,0.19746823633544777,19.594193245074262
0.08440644373021383,1.2782849834664735e11,0.06228195190132104,0.2407954026470538,22.96876492806214
0.08568532924127768,7.178712114900778e10,0.029816792037204998,0.13863647271900933,6.062072071227496
0.08696421475234153,4.775137998107801e10,0.026686441215273048,0.12767061581486572,3.6413885422374306
0.08824310026340537,3.451991979018613e10,0.02569134781915956,0.12478672824992355,2.9665696688847523
0.08952198577446922,2.6228698066663948e10,0.025077165341460157,0.12338395158850085,2.6778173796446887
0.09080087128553307,2.060414772882558e10,0.02450799826027935,0.12243699716622186,2.5403322038255984
0.09207975679659691,1.6579016002385946e10,0.023656110785453037,0.12153041348282605,2.5191247663679937
0.09335864230766076,1.3586931639521198e10,0.020947421865067966,0.12102970503484961,3.771321475482924
0.09463752781872461,1.129432322588787e10,0.028417965345676262,0.12485589667820196,2.6461623505672596
0.09591641332978847,9.499602674076412e9,0.026091792597216282,0.12260094425286558,2.3550732296642756
0.0971952988408523,8.068823539273506e9,0.02545340027429591,0.12194148884072274,2.3099529870112216
0.09847418435191614,6.910920901163914e9,0.025109501490240785,0.12154504080933196,2.2993470551854487
0.09975306986297998,5.962119535103993e9,0.0248599148512623,0.121235286461581,2.3112944661047825
0.10103195537404383,5.176315869909461e9,0.02462304692797831,0.1209404065692857,2.3668648142273803
0.10231084088510768,4.519554851119346e9,0.02428055120580815,0.12056930709038245,2.6159934549063855
0.10358972639617152,3.9671379333879833e9,0.024239561657446482,0.12275272068540077,7.622946917208488
0.10486861190723537,3.495943545090089e9,0.026143866471101958,0.12271636560497232,2.974087739119138
0.10614749741829922,3.094989872665075e9,0.025306872711760877,0.12156009263481499,2.374082218062743
0.10742638292936307,2.750534536366e9,0.025103915797124007,0.12127380127107387,2.284874314649648
0.10870526844042691,2.684107725533178e9,0.025033514820144938,0.12115878825003949,2.261115837725874
0.10998415395149076,3.893101293854073e9,0.0250250155650716,0.12112477526937006,2.2561939106466617
0.11126303946255461,5.976834874895751e9,0.025059945804746103,0.12115027558101164,2.2600002161448036
0.11254192497361845,9.748431111126486e9,0.025133806862387545,0.12123212478021334,2.2697947519485573
0.1138208104846823,1.7046523317785254e10,0.025248116245089842,0.12137560320086173,2.285175674742397
0.11509969599574615,3.2435920469916126e10,0.025408455836349046,0.12159252754577556,2.306914316506523
0.11637858150680998,6.871680574214346e10,0.025624488394772035,0.12190220091111037,2.3367774128858874
0.11765746701787383,1.6804084093962967e11,0.025911183921143437,0.12233457078226131,2.377794867965016
0.11893635252893768,5.0373771664152606e11,0.026291500481006362,0.12293658153827132,2.4349723232952836
0.12021523804000152,2.0669967167157063e12,0.026801620702755612,0.12378463659312669,2.516777130039533
0.12149412355106537,1.4699449901198416e13,0.02750152109035134,0.12501041270263494,2.6383897944122565
0.12277300906212922,3.535600852268055e14,0.02849808459398018,0.126859322692047,2.83055727419382
0.12405189457319306,1.8848761826650693e18,0.030001793602358592,0.12984006563548042,3.2159365966857973
0.1253307800842569,1.7933602430649563e10,0.0322865328295594,0.13489346356890938,3.6269586828218814
0.12660966559532075,6.3803047341038704e10,0.03722526702099366,0.14626771140351402,4.700604674680734
0.1278885511063846,3.269041737032279e11,0.050478812555781086,0.18082716658463002,7.564148096807982
0.12916743661744845,3.289355694498054e12,0.13637261681404245,0.45044718929253363,26.152106872651217
0.13044632212851232,5.235214735128974e17,0.024377819579349425,0.11961013109767922,6.83517715263131
0.13172520763957615,1.0e23,0.02913440994149997,0.13153485697189207,10.86394392653382
0.13300409315064,1.7225897677537752e15,0.02170268263019275,0.1307494179731486,11.610126957852955
0.13428297866170383,7.081934905866492e13,0.020619002872802432,0.11344304981401984,3.3368777609568934
0.13556186417276767,9.848996279750266e12,0.02130573215025926,0.11369417806250273,2.5612965187577212
0.13684074968383153,2.074661834934455e12,0.021658700133943252,0.11402528570691745,2.362318643272311
0.13811963519489537,5.2030316296606036e11,0.02187838275654883,0.11426556805285076,2.288806064891064
0.1393985207059592,1.1356011837974942e11,0.022051042383102237,0.11446977503961493,2.2617563141507886
0.14067740621702307,6.79820205813103e10,0.022276142306078,0.11476952155052629,2.287107051228968
0.1419562917280869,5.835429737274824e11,0.024380194065078045,0.11816294008184229,4.075476713552794
0.14323517723915075,1.1956537055399406e11,0.021610147896264243,0.11372478585056009,2.300334666575703
0.1445140627502146,3.59725787295062e10,0.0218641891753856,0.11406691079678995,2.2036262575215257
0.14579294826127845,1.6247831737429825e10,0.02194792198436744,0.11416752729211146,2.1861152479197608
0.1470718337723423,8.442270032440251e9,0.021990157574095684,0.1142098154895041,2.1785019881605012
0.14835071928340615,4.744219014736459e9,0.022014830902642186,0.11422840863138427,2.1739206027861746
0.14962960479447,2.812844784370774e9,0.022030166287240582,0.11423526157924374,2.170744862343737
0.15090849030553383,1.7368901637586942e9,0.022039939304349124,0.11423587494655628,2.168393983673654
0.15218737581659766,1.108119532465406e9,0.022046197821711196,0.11423323823387176,2.1666027288303855
0.15346626132766153,7.264904726409652e8,0.02205017141360686,0.11422915028146768,2.1652295189163273
0.15474514683872537,4.875022639972365e8,0.02205264435720015,0.11422476110684804,2.164191033219442
0.1560240323497892,3.3381163831504434e8,0.022054131627967526,0.11422082757166109,2.16343549298144
0.15730291786085307,2.3267478540467343e8,0.022054970231052348,0.1142178460735866,2.1629302531460572
0.1585818033719169,1.647628518326988e8,0.02205536923435111,0.11421612526106475,2.1626555474474394
0.15986068888298074,1.3939887364583918e8,0.022055437123708294,0.11421582581934436,2.162601263902533
0.16113957439404458,1.9543136658767304e8,0.022055194923067466,0.11421697958740776,2.1627654537680563
0.16241845990510842,2.781107249495839e8,0.02205457865779249,0.11421949320377944,2.1631540560608964
0.16369734541617229,4.0245099469704247e8,0.022053431796301565,0.11422313721478679,2.163781748000182
0.16497623092723612,5.935137006799355e8,0.022051485688836386,0.11422751778952993,2.164674204128518
0.16625511643829996,8.944351821584421e8,0.022048322369049397,0.1142320229101682,2.1658726005020235
0.16753400194936383,1.3822038798305652e9,0.022043307199368926,0.11423572494441574,2.167442366459481
0.16881288746042766,2.2004085859250565e9,0.022035463249007754,0.11423719894314577,2.1694911632208687
0.17009177297149153,3.632189920709279e9,0.022023218697503323,0.11423415731098265,2.1722099193326225
0.17137065848255537,6.279272641900822e9,0.022003836298077943,0.11422262488567103,2.175981972611505
0.1726495439936192,1.156970676822881e10,0.02197188805756671,0.11419473635463878,2.181743104569127
0.17392842950468307,2.3586754977124012e10,0.02191400043799354,0.11413117760971431,2.1926185513635494
0.1752073150157469,5.971328956747222e10,0.021780808240166837,0.11396129286260993,2.2270181773210536
0.17648620052681074,5.4728368788143494e11,0.02099401912031641,0.11291274430701358,2.891496008011037
0.1777650860378746,1.5272091551014502e11,0.022549269387741468,0.11517378631561788,2.402890212628498
0.17904397154893845,2.8276090310775528e10,0.022144832577642506,0.11459211694554762,2.2633076927229734
0.18032285706000228,2.5736073102259918e11,0.021965950075225893,0.11437060553368271,2.2708984273763697
0.18160174257106615,1.0296638847983539e12,0.021778391426317704,0.11415869486961937,2.3174922658754507
0.18288062808213,4.3680141096986924e12,0.021506377721074308,0.11387956956762607,2.435091850617856
0.18415951359319382,2.4528364089408805e13,0.021025849072177964,0.1135209698231371,2.803322270536423
0.1854383991042577,2.615729712948131e14,0.020052076952274473,0.1144492955348473,4.804127894634674
0.18671728461532153,1.1234211836080112e16,0.056966719952411524,0.24602590108707895,30.588153991458
0.18799617012638536,4.156119892353055e16,0.025707589001596552,0.12248423691437609,6.6137248406858165
0.18927505563744923,2.6681970129799043e20,0.023225346675637592,0.11775667144544319,11.828967038523023
0.19055394114851307,9.218827167072611e11,0.06908119346105038,0.2350883608533636,11.569912244882945
0.19183282665957693,1.3620159142877489e11,0.04198368021126881,0.15809236579168778,5.728891415452178
0.19311171217064077,3.266773519709855e10,0.034254265241539135,0.1393117253473654,4.057796846477865
0.1943905976817046,1.041284961804744e10,0.0309377883887967,0.13193947839657955,3.3231960702442414
0.19566948319276842,5.692652847904728e15,0.029165798357906374,0.1281571546943737,2.97578112304081
0.19694836870383228,5.696425211809882e13,0.027952591532042294,0.12583358971588413,2.7225432881778193
0.19822725421489612,5.022269794928984e12,0.02712223014927872,0.12433811473609077,2.571222838461065
0.19950613972595996,9.711355682771527e11,0.026526896532432998,0.1233228335085381,2.47205401741108
0.20078502523702382,2.821529480769445e11,0.026087367455482274,0.12261000549815908,2.403932537667839
0.20206391074808766,1.052315052056794e11,0.025757412631788622,0.12210016707744327,2.355630006080891
0.2033427962591515,4.649500019714368e10,0.02550835406428786,0.12173378731829508,2.3206695030435736
0.20462168177021536,2.323929012633741e10,0.025321683994655807,0.12147349761438639,2.2951583374819378
0.2059005672812792,1.2769339832912474e10,0.025185316111627786,0.12129522877331086,2.276755920007601
0.20717945279234304,7.572212229840818e9,0.025091708700962292,0.1211836736547848,2.2642026843296224
0.2084583383034069,4.789136049613609e9,0.025037226527974958,0.12113026912488636,2.2572536025354886
0.20973722381447074,3.209635550445935e9,0.025022911295879628,0.121133452747971,2.25721733505054
0.2110161093255346,2.5964722122796683e9,0.025058473804106824,0.12120331751658638,2.2693424582581043
0.21229499483659844,2.9163355668216553e9,0.02517889619390164,0.12138302323223249,2.3142375742742938
0.21357388034766228,3.287737925438613e9,0.0255480528698794,0.12189038282251236,2.516564699886328
0.21485276585872615,3.721814665667446e9,0.029580744336181086,0.1281915281883002,6.047951634926041
0.21613165136978998,4.2313988882374682e9,0.023945725437834138,0.12033083578449796,3.1839495309402053
0.21741053688085382,4.833559736118179e9,0.02447907616899809,0.12077500041286661,2.440947046765095
0.2186894223919177,5.551199507141562e9,0.02474457290139373,0.12109085683266034,2.3303070425600825
0.21996830790298152,6.413602684085543e9,0.02497853465733599,0.12138484284131408,2.3020660199310874
0.22124719341404536,7.460254088407412e9,0.025262547185409278,0.12172670347650451,2.301905081604642
0.22252607892510923,8.745200430282007e9,0.025709519199217316,0.1222155490762056,2.3255231670174545
0.22380496443617307,1.034432169826513e10,0.02676598103164259,0.1232534311835753,2.4212212534732434
0.2250838499472369,1.236901056506707e10,0.040244247973292784,0.139416691930666,5.210087366920557
0.22636273545830077,1.4977983253736101e10,0.022770661114707214,0.12092874223157825,2.6427103159334266
0.2276416209693646,1.8434668262413586e10,0.024154861310152247,0.12200454898975249,2.510550184438807
0.22892050648042844,2.3166353135599102e10,0.024801582372362612,0.12288255262257274,2.595655300094831
0.2301993919914923,2.9941191104511135e10,0.025363929858651164,0.12399305315896601,2.7955661071485025
0.23147827750255612,4.0288004987060394e10,0.02610377258355157,0.1259101888448634,3.2248599923852495
0.23275716301361996,5.775000876691824e10,0.027656213084333026,0.1308906236603353,4.390964708114879
0.23403604852468382,9.284979861430266e10,0.04068060375284268,0.17862005075936016,12.995490728724157
0.23531493403574766,1.9699801053322607e11,0.08848325124559471,0.6169462214792026,58.1514671388524
0.2365938195468115,7.853880996424091e12,0.14685051992997641,0.7543577316819772,185.1041550806998
0.23787270505787536,2.396064208755073e11,0.024432077044567752,0.12420698673992452,6.377510766185054
0.2391515905689392,5.810355277745805e17,0.024129996075071172,0.12166941654310379,4.362729268056375
0.24043047608000304,1.2023609646226381e14,0.023881508705432652,0.12107381975613091,3.3901249310964126
0.2417093615910669,1.1133386904123098e13,0.023579528690242775,0.12099818395050292,3.1629420026657566
0.24298824710213074,2.549532815242378e12,0.02299071869950101,0.12295211829619192,4.164203027106652
0.24426713261319458,1.5701158321526074e11,0.027787391877547862,0.12728557318173112,5.659964206518135
0.24554601812425844,1.4523516752261328e11,0.0247058914950264,0.1211663092240351,3.0499802959674054
0.24682490363532228,6.980848567806e10,0.02424848420182583,0.12071730783288374,2.8105272103107035
0.24810378914638612,3.6140777778445114e10,0.024032569707731162,0.12058143979791541,2.779623860299753
0.24938267465744998,2.045703096675302e10,0.02390019333624306,0.12055131850676172,2.8418441610961724
0.2506615601685138,1.2598663684256332e10,0.02384343729963392,0.12065225568804122,3.0145405110293293
0.2519404456795777,2.0665953059139465e10,0.02399140876054019,0.12115807860937917,3.437667190260468
0.2532193311906415,5.468403418051448e10,0.025560781541704745,0.12455357518501697,5.083029486736526
0.25449821670170536,1.1661798579719263e11,0.0493763641587506,0.1921056396733915,20.36356106647987
0.2557771022127692,2.5663219390735175e11,0.024174955902293436,0.12536100968668,6.20007007697762
0.25705598772383303,8.381472912113164e11,0.040573750149979854,0.16666239181201786,13.143423502517253
0.2583348732348969,1.828129627778491e12,0.08478507171837243,0.28196113109342774,22.002336119650405
0.25961375874596077,5.313116205545497e11,0.037125408166502984,0.14711679594194998,6.285638820837737
0.26089264425702463,3.1655682853083453e11,0.03111731235994414,0.1337203150145827,4.0648909905501105
0.26217152976808844,1.9866963619391895e11,0.029012191221856515,0.12948845064385284,3.2702300935334834
0.2634504152791523,8.967560841515222e10,0.027995818959063487,0.12756111150852767,2.895748519249071
0.26472930079021617,4.637743705090064e10,0.027420498532255914,0.12651254302238568,2.6928881783077654
0.26600818630128,2.4126698501309048e11,0.027063490370375132,0.12588246304427023,2.574401975257751
0.2672870718123438,5.4249932672218207e11,0.026828352884577848,0.12548136197484414,2.5040998083246975
0.26856595732340766,1.026715246867368e12,0.02666572436573904,0.12521805719521828,2.4668784137926916
0.2698448428344715,1.8277836139192126e12,0.02654567701296644,0.12504436172088196,2.4607403906427368
0.27112372834553533,3.1895284594269746e12,0.026444946948045736,0.12493759354507998,2.502984604341179
0.2724026138565992,5.573935459983265e12,0.026339589857126283,0.1249239872319287,2.6840018360839903
0.27368149936766306,9.89487603759639e12,0.026316662738856154,0.1256554189917895,3.7466656505037723
0.27496038487872687,1.8051737255616406e13,0.04167225171300773,0.15864213102512667,13.685492599408835
0.27623927038979074,3.4227232151285883e13,0.02777796573579935,0.12652458473662279,3.106293349645119
0.2775181559008546,1.663459903970844e17,0.027348770844311258,0.12583667743134225,2.5956038436751325
0.2787970414119184,3.352277242672191e15,0.027251783178301507,0.12569531599694408,2.475870821106592
0.2800759269229823,5.788951649898312e14,0.027253212055706,0.125701689594863,2.4592478750420144
0.28135481243404614,1.5543758384100787e17,0.10185249420022521,1.6729747455633066,444.0571644190644
0.28263369794510995,2.670879825107368e15,0.027408608433919717,0.1258747675318677,2.48548966417325
0.2839125834561738,1.0194118141544574e16,0.027507150916337812,0.12599884632278258,2.5410799848760934
0.2851914689672377,5.524818344016204e16,0.027634468757788504,0.12616056322373223,2.6637351068549364
0.2864703544783015,5.5608634199172045e17,0.027814314372846777,0.12640566288540298,2.9196598535202396
0.28774923998936536,2.2749607438026342e19,0.028826858541037323,0.12812941494282828,3.8341759314579766
0.2890281255004292,1.0e23,0.027566714070690994,0.12792021468573353,7.264594184934999
0.29030701101149303,3.756353144662009e10,0.02753704362198219,0.12848760901772735,4.7106382243666625
0.2915858965225569,1.9550402014126602e10,0.02752195160362977,0.1266493931730247,2.764639377856611
0.29286478203362076,1.0756799785313063e10,0.027508073930951445,0.1263880784258644,2.506258532572169
0.2941436675446846,6.198249144837739e9,0.027432993187428662,0.12618640622734315,2.465703674103456
0.29542255305574844,1.416314778384733e10,0.02719591846876568,0.12579410605335897,2.563694594901555
0.2967014385668123,7.269207161467601e10,0.02635357512941151,0.12465468704084841,3.2688103174522194
0.2979803240778761,5.867603393819911e11,0.04447861440293615,0.15915640240357348,8.799461860285604
0.29925920958894,1.8192429547853076e11,0.03046479966231597,0.1308771212707636,2.5379609365127695
0.30053809510000384,1.7940655173919382e11,0.0296843359439302,0.12951449306488724,2.296765581149545
0.30181698061106765,1.969870829604768e11,0.029512895486384923,0.12918529838872322,2.2509435169323466
0.3030958661221315,8.848624951284006e10,0.029515923015491184,0.12913965354309254,2.2421472990660467
0.30437475163319533,1.2161421961347805e12,0.029603292049572884,0.12922541091298323,2.249426899518325
0.3056536371442592,1.4330066141943615e13,0.029747743226390892,0.12939591581508897,2.2735467027911547
0.30693252265532306,2.394467758591221e14,0.02994198187397553,0.12963706282973303,2.3327474378587367
0.30821140816638687,1.8140355075111136e16,0.030188627444763274,0.1299501359961953,2.519761058796208
0.30949029367745073,1.0e23,0.030317454588579658,0.1303426175779932,4.01092710790217
0.3107691791885146,4.589398325174285e7,0.030294614112500225,0.13017673638083696,2.2008356700919762
0.3120480646995784,3.4704868706670105e7,0.030322213259034957,0.13022142834436623,2.2003999333389674
0.3133269502106423,2.6468210370720178e7,0.030344762679680403,0.13025804474925826,2.20003274743415
0.31460583572170614,2.0346745093114432e7,0.03036250344008987,0.13028692587365343,2.199736157614685
0.31588472123276995,1.5756880265598102e7,0.03037563387355935,0.13030835193457893,2.1995119822463036
0.3171636067438338,1.2287073232164724e7,0.030384306009501347,0.1303225380357656,2.1993616881694726
0.3184424922548977,9.643946351138266e6,0.030388622952215096,0.13032963044560086,2.1992863011348875
0.3197213777659615,9.643946350387467e6,0.030388637155420294,0.1303297041490637,2.199286347932783
0.3210002632770253,1.2287073231265e7,0.030384349561163405,0.13032276164014264,2.199361827958806
0.32227914878808916,1.575688026438871e7,0.030375709613608706,0.13030873296169423,2.199512213087164
0.32355803429915303,2.034674509180568e7,0.03036261610114013,0.13028747694697382,2.1997364758497233
0.32483691981021684,2.646821036883161e7,0.030344918887446108,0.1302587837239228,2.200033147050665
0.3261158053212807,3.470486870496749e7,0.030322421538809433,0.13022237849287466,2.200400405075158
0.32739469083234457,4.589398324852365e7,0.030294884882712283,0.13017792661163527,2.200836200290758
0.3286735763434084,1.0e23,0.030394584006125224,0.1303160803079561,3.8891085501895435
0.32995246185447225,1.813983902258037e16,0.030188533017990328,0.12995086481078436,2.5198515719699492
0.3312313473655361,2.3944660895046072e14,0.029941859911084456,0.12963750385216846,2.3327893670494553
0.3325102328765999,1.4330066536857086e13,0.029747593238200677,0.12939605338768415,2.273568122136798
0.3337891183876638,1.216142141115471e12,0.02960311310146625,0.12922518651721515,2.2494371687311085
0.33506800389872765,8.848624171660324e10,0.02951571101455107,0.12913892860731968,2.242148903140167
0.33634688940979146,1.9698707992813956e11,0.029512640137420238,0.1291837440028607,2.250934499210137
0.3376257749208553,1.7940654995789838e11,0.029684009517157817,0.12951115920242826,2.296734620196704
0.3389046604319192,1.8192429493330597e11,0.030464292468003504,0.1308674906632893,2.537846678913546
0.34018354594298306,5.867603911372327e11,0.04447546942887127,0.15895029744006317,8.79809412110395
0.34146243145404687,7.269206385707315e10,0.02635365397419666,0.12464809633163595,3.2685572079234513
0.34274131696511073,1.4163145987777792e10,0.027195875649642307,0.12579470354438302,2.5636120013976624
0.3440202024761746,6.1982491486156845e9,0.027432888648925187,0.1261869878007787,2.465646235121563
0.3452990879872384,1.0756799794389904e10,0.02750793368875978,0.1263872700261601,2.506190277832627
0.34657797349830227,1.955040202880268e10,0.027521798291651012,0.1266433353913332,2.7645053117560074
0.34785685900936614,3.756353148755823e10,0.027537065640777993,0.12842471472222802,4.710088453345526
0.34913574452042995,1.0e23,0.027488187332129946,0.12775991503897435,6.290614191394564
0.3504146300314938,2.2691678961826775e19,0.028827194387991133,0.12812227692560849,3.832905797325598
0.3516935155425577,5.5623138401918016e17,0.027814231652578972,0.1264025129299068,2.9196656397145206
0.3529724010536215,5.524709419528776e16,0.027634323546493516,0.12615959647834668,2.663720213907565
0.35425128656468535,1.0193998172350638e16,0.02750698004948537,0.12599881118331904,2.541075954536068
0.3555301720757492,2.6708764114946435e15,0.027408420276088835,0.12587523841140602,2.485493687292735
0.356809057586813,1.5524535614790845e17,0.10165663769807036,1.6735497935350274,443.50885038475093
0.3580879430978769,5.788953412042018e14,0.027253001617219715,0.12570283081016648,2.4592609052326178
0.35936682860894076,3.35225142369437e15,0.027251568424321616,0.12569681342494735,2.4758944847597837
0.36064571412000457,1.6634441592621085e17,0.02734856536771418,0.12583894305784063,2.595652955945806
0.36192459963106843,3.4227230252361055e13,0.027777824782000277,0.12653040051991543,3.106440732054942
0.3632034851421323,1.8051735787753637e13,0.04167464309241795,0.1587711268830047,13.686965938324873
0.3644823706531961,9.894875981054955e12,0.026316398924810747,0.1256623768557859,3.7469254539629264
0.36576125616426,5.57393564850902e12,0.026339279798692692,0.12492613091471023,2.684075165546938
0.36704014167532384,3.1895283945288545e12,0.026444652551750082,0.12493925386250668,2.5030168569299955
0.36831902718638765,1.8277836070623496e12,0.02654539990616864,0.12504600917596206,2.4607577918379167
0.3695979126974515,1.0267152489041128e12,0.02666546341218467,0.12521983165367115,2.4668888881796818
0.3708767982085154,5.424993266257251e11,0.02682810680897152,0.12548335547348857,2.5041065036784995
0.3721556837195792,2.412669872690311e11,0.027063257842186265,0.12588478729609226,2.5744063874357486
0.37343456923064305,4.637743893048097e10,0.027420277987863804,0.1265153811128067,2.6928911261202626
0.3747134547417069,8.967560833698502e10,0.02799560840402977,0.12756481659065153,2.8957505416544103
0.37599234025277073,1.9866963664691028e11,0.029011988155386994,0.12949382093245468,3.2702316823059103
0.3772712257638346,3.1655682848614685e11,0.031117115135638005,0.13372961456363588,4.064892870248319
0.37855011127489846,5.313116163202457e11,0.03712523328845062,0.14713962775534226,6.285641978061197
0.37982899678596227,1.828129749864463e12,0.08478509927475643,0.28211311556608126,22.00235156863302
0.38110788229702613,8.381472889565372e11,0.04057453194063891,0.1667493419324044,13.143450019276981
0.38238676780809,2.5663219122808252e11,0.024175238748061576,0.12537827354221023,6.20005889943843
0.38366565331915387,1.1661798423314716e11,0.04937597121569373,0.19210439252558317,20.36326710892965
0.3849445388302177,5.468403358697257e10,0.025560911099877355,0.1245581278049897,5.082982514593571
0.38622342434128154,2.0665952631534626e10,0.0239915468021365,0.12116166019743278,3.437654370906358
0.3875023098523454,1.259866369710301e10,0.02384357771191389,0.1206553728070471,3.0145349273150264
0.3887811953634092,2.0457031014703484e10,0.023900341797568874,0.12055436197749111,2.8418408583135637
0.390060080874473,3.614077786650376e10,0.02403273059225392,0.12058479684881462,2.779621143679452
0.39133896638553684,6.980848586468977e10,0.024248660841546345,0.12072169223049972,2.8105240812986776
0.3926178518966007,1.4523516790906616e11,0.024706085718419982,0.12117432061277707,3.049975462027324
0.39389673740766457,1.5701158042438953e11,0.02778754024148097,0.1273387917871432,5.659952340626968
0.3951756229187284,2.549532820620196e12,0.022990823225654808,0.12296310288871186,4.1642014337255935
0.39645450842979224,1.1133387187558816e13,0.02357974373950509,0.12099844483295912,3.1629381883354446
0.3977333939408561,1.202360792415508e14,0.02388176209085064,0.12107364152107042,3.390114977962961
0.3990122794519199,5.810454557273283e17,0.024130256809745208,0.12166943428928369,4.362647845313873
0.4002911649629838,2.396064272979167e11,0.024432118037633347,0.12420893159455437,6.377575512656792
0.40157005047404765,7.853879385251176e12,0.14685626329276122,0.7553113752908834,185.10747267343712
0.40284893598511146,1.9699800890942148e11,0.08848304248948508,0.6169252489072157,58.149544844882044
0.4041278214961753,9.284979801076675e10,0.04068060475048079,0.1785970559746099,12.995529219910477
0.4054067070072392,5.775000865845259e10,0.027656085410873547,0.13088883416555827,4.390953043557653
0.406685592518303,4.028800488782533e10,0.026103668535476528,0.12590955594000353,3.224853019596171
0.40796447802936686,2.994119100810347e10,0.025363846450148834,0.12399270591352615,2.795562738376826
0.4092433635404307,2.3166353101647125e10,0.02480151550138069,0.12288234125910956,2.5956547846385267
0.41052224905149454,1.843466824194635e10,0.024154805603988767,0.12200445097733921,2.510553626108147
0.4118011345625584,1.4977983244347069e10,0.02277060892673129,0.12092877282298227,2.642731026921427
0.41308002007362227,1.2369010540424671e10,0.04024498171420901,0.13940992914831427,5.210274329611364
0.4143589055846861,1.0344321693327839e10,0.026766089769867076,0.12325270672043402,2.4212318068915355
0.41563779109574994,8.745200426657227e9,0.025709610833698625,0.12221507588079233,2.3255273712098625
0.4169166766068138,7.46025408106051e9,0.025262645736364952,0.12172627867436514,2.3019082448031853
0.4181955621178777,6.413602683090347e9,0.024978645699525733,0.12138436631020876,2.302069208102939
0.4194744476289415,5.551199504660485e9,0.02474469761073189,0.12109016619079638,2.3303108633881338
0.42075333314000535,4.833559734606768e9,0.024479212331230113,0.12077354881762285,2.440952763017491
0.4220322186510692,4.2313988874569054e9,0.02394585715116677,0.12032362170491663,3.1839651955773136
0.423311104162133,3.721814664368048e9,0.029581052108995816,0.12815385798366644,6.047997096706823
0.4245899896731969,3.287737924845577e9,0.025548287564154528,0.12188900681939982,2.516572060215145
0.42586887518426075,2.9163355652169285e9,0.025179139078778424,0.12138283843231834,2.314242292892501
0.42714776069532456,2.596472212081572e9,0.025058731650726498,0.1212034076981643,2.269346778048706
0.42842664620638843,3.20963555095476e9,0.025023186119491996,0.12113365467801482,2.2572217483413763
0.4297055317174523,4.789136050284803e9,0.025037519204489492,0.12113053424510375,2.257258298735918
0.4309844172285161,7.572212227428222e9,0.025092019708831195,0.12118398357916449,2.2642077747083262
0.43226330273957997,1.2769339839291845e10,0.02518564578181298,0.12129557584744344,2.276761494278912
0.43354218825064383,2.323929013444373e10,0.025322032622374143,0.1214738789758853,2.295164483157034
0.43482107376170764,4.649500019873228e10,0.02550872198477277,0.12173420278902099,2.320676313798585
0.4360999592727715,1.0523150532227272e11,0.02575780029159012,0.12210061840889333,2.3556375858945557
0.4373788447838354,2.821529483852639e11,0.026087775490138954,0.12261049620335353,2.4039410022240744
0.4386577302948992,9.711355631515276e11,0.02652732586684167,0.12332336904174071,2.4720634915024275
0.43993661580596305,5.02226975088116e12,0.02712268214194017,0.12433870298647756,2.571233444966332
0.4412155013170269,5.696425326358878e13,0.027953068164737287,0.12583424189733047,2.722555111697933
0.4424943868280907,5.692661428087026e15,0.029166302429660982,0.12815788662260616,2.975794185838123
0.4437732723391546,1.0412849625488113e10,0.030938374707520613,0.1319397380330787,3.3232118751911606
0.44505215785021845,3.266773520646611e10,0.03425474850226371,0.13931168430637297,4.057814909836577
0.44633104336128226,1.3620159139391872e11,0.04198408759030485,0.15809239505108694,5.728909415037959
0.44760992887234613,9.218827209837705e11,0.06908149788856342,0.23508865144168617,11.56992365975611
0.44888881438341,2.6742979605405437e20,0.02336401478015126,0.11794198899543527,11.838807590986224
0.4501676998944738,4.155980333266379e16,0.025707839307085808,0.12248101738760112,6.613319084617037
0.45144658540553767,1.123463269276091e16,0.0569688273881843,0.24568961051682828,30.587674518024834
0.45272547091660154,2.6157317640615712e14,0.02005273355434847,0.114409847781442,4.803934736318108
0.45400435642766535,2.4528361972337336e13,0.021026352103546756,0.1135084589235816,2.8032513996516397
0.4552832419387292,4.3680138415842344e12,0.02150680733084724,0.11387265397882725,2.43505169360425
0.4565621274497931,1.0296637970719607e12,0.02177876417275602,0.11415412868231647,2.317463984308673
0.4578410129608569,2.5736070449733868e11,0.021966270468338232,0.11436739783379662,2.2708745916954043
0.45911989847192075,2.8276075909966553e10,0.022145094467886674,0.11458993221561044,2.263279942878207
0.4603987839829846,1.527209211222695e11,0.022549411939052574,0.11517261066198115,2.4028002287252224
0.46167766949404837,5.472835241657297e11,0.02099455141050406,0.11289942639475717,2.8911416208477236
0.46295655500511224,5.971328844026796e10,0.021781105058646496,0.11395792685292855,2.2269860648779165
0.4642354405161761,2.358675485142183e10,0.021914242299985426,0.11412883647674354,2.192604057487765
0.4655143260272399,1.1569706725667213e10,0.021972094490842867,0.11419288078441792,2.181733784086247
0.4667932115383038,6.279272632800834e9,0.022004014327461813,0.11422109311824621,2.1759751710666952
0.46807209704936764,3.63218991339124e9,0.022023372043593187,0.11423287483689659,2.1722046812917974
0.46935098256043145,2.200408583600828e9,0.022035594291656326,0.11423612383041802,2.1694870352615467
0.4706298680714953,1.3822038784722488e9,0.0220434176200183,0.11423483090079888,2.167439094408026
0.4719087535825592,8.944351814851927e8,0.02204841341640774,0.11423129241071049,2.1658700264306647
0.473187639093623,5.935137003113117e8,0.022051558307334178,0.11422693877346692,2.1646722238149136
0.47446652460468686,4.024509944363053e8,0.022053486695119303,0.11422270131177188,2.163780290805367
0.4757454101157507,2.7811072483006364e8,0.022054616351794322,0.11421919471441488,2.16315307447562
0.47702429562681453,1.9543136651714525e8,0.022055215754696583,0.11421681487700636,2.1627649176798074
0.4783031811378784,1.3939887360957754e8,0.022055441280928477,0.11421579297109107,2.16260115745906
0.47958206664894226,1.6476285188493812e8,0.02205535675315356,0.11421622389890008,2.162655867548472
0.48086095216000607,2.32674785508011e8,0.022054941000511023,0.11421807733186565,2.1629310091612295
0.48213983767106994,3.3381163848899585e8,0.022054085384949434,0.11422119419531912,2.1634367076175742
0.4834187231821338,4.875022642753115e8,0.02205258067380665,0.11422526770457121,2.16419274476427
0.4846976086931976,7.2649047318806e8,0.022050089681709486,0.11422980379181367,2.1652317855030057
0.4859764942042615,1.108119533577135e9,0.022046097222268746,0.1142340487099635,2.166605636148041
0.48725537971532534,1.7368901656445193e9,0.02203981875237486,0.11423685689074076,2.168397659335401
0.48853426522638915,2.8128447888000917e9,0.022030024338112054,0.11423643633656005,2.170749504732726
0.489813150737453,4.744219025705852e9,0.022014665573562683,0.11422980907665627,2.173926545940865
0.4910920362485169,8.442270060292161e9,0.021989965937863433,0.11421149653756042,2.1785098733066506
0.4923709217595807,1.6247831814626205e10,0.021947699092435893,0.11416959505188401,2.1861265979946016
0.49364980727064456,3.597257910730969e10,0.02186392409490004,0.11406963793092102,2.203646309580521
0.4949286927817084,1.1956537597401222e11,0.021609796468870856,0.11372960714186572,2.300404315582699
0.49620757829277223,5.835428759787109e11,0.02438051458799095,0.11817215984047999,4.076145952920193
0.4974864638038361,6.79820199677926e10,0.022275921898650262,0.114771195655466,2.2871469601549643
0.49876534931489996,1.1356013687595305e11,0.022050749346880325,0.11447245490512324,2.261780490713847
0.5000442348259638,5.203032121386688e11,0.02187803623470797,0.11426938467043136,2.2888313744269246
0.5013231203370276,2.074661889706943e12,0.021658300046259866,0.11403083217263117,2.36235161941064
0.5026020058480914,9.848996936616234e12,0.021305269249920003,0.11370316828369645,2.561348055137894
0.5038808913591554,7.081932094769603e13,0.02061844507965202,0.11346268591982979,3.336985275188554
0.5051597768702192,1.7225779128794795e15,0.021701666649902324,0.13090379082655743,11.610626160404905
0.506438662381283,1.0e23,0.029172526806666273,0.1315971365203571,10.99481853795783
0.5077175478923469,5.235148972039471e17,0.024378339869103927,0.11961176530819867,6.835885803827712
0.5089964334034107,3.289355728988018e12,0.136372571884679,0.450447268099916,26.152113560872372
0.5102753189144745,3.269041723480802e11,0.050478442909673814,0.18082700351004583,7.564131859732819
0.5115542044255385,6.38030472369437e10,0.037224824129251266,0.14626775597483643,4.700586245047693
0.5128330899366023,1.7933602451657475e10,0.03228600209283874,0.1348934077706251,3.626941547544464
0.5141119754476661,1.884548199938835e18,0.03000128856248243,0.1298393200003489,3.2158883671830796
0.51539086095873,3.535601936113426e14,0.028497594560597337,0.12685863282413803,2.8305448684518617
0.5166697464697938,1.4699450469686305e13,0.027501057063963115,0.1250097941368302,2.6383785851498045
0.5179486319808576,2.066996726418124e12,0.026801180241735185,0.1237840758679462,2.5167671039542263
0.5192275174919215,5.037377170945577e11,0.02629108193570273,0.12293606923771444,2.434963369896314
0.5205064030029853,1.6804084147271262e11,0.025910786168405215,0.12233410031634982,2.3777868609699992
0.5217852885140493,6.871680568339343e10,0.0256241106696972,0.12190176783791164,2.336770231333576
0.5230641740251131,3.2435920434614464e10,0.025408097609750987,0.12159212923719127,2.3069078505783907
0.5243430595361769,1.7046523303929081e10,0.025247777133986408,0.12137523882085001,2.285169825961928
0.5256219450472408,9.748431101343292e9,0.0251334865603042,0.1212317956983146,2.269789430429497
0.5269008305583046,5.976834875035021e9,0.025059644009139934,0.12114998664765715,2.259995334742686
0.5281797160693684,3.893101293097006e9,0.025024731890975396,0.12112453831475453,2.2561893725549105
0.5294586015804323,2.6841077237386947e9,0.02503324863679831,0.12115863255076001,2.2611115044505756
0.5307374870914962,2.75053453734984e9,0.025103665818902953,0.12127381224635612,2.2848698982203524
0.53201637260256,3.094989873760111e9,0.025306635487579707,0.12156062206040467,2.3740767545835926
0.5332952581136238,3.4959435459556813e9,0.026143625065745534,0.12272081210148895,2.9740744929323926
0.5345741436246876,3.967137934471909e9,0.024239483063833816,0.12282269912295186,7.622887767406162
0.5358530291357515,4.51955485382966e9,0.024280412836813814,0.12057199759213015,2.6159851398352383
0.5371319146468153,5.176315869331018e9,0.024622915890511878,0.12094134965439461,2.36686031928553
0.5384108001578791,5.962119539240149e9,0.024859796946098946,0.12123583955249843,2.3112910467190697
0.539689685668943,6.910920904060203e9,0.025109397030315388,0.12154547812521904,2.299343958265337
0.5409685711800069,8.068823541687294e9,0.025453306365555196,0.12194192449591915,2.3099495223259088
0.5422474566910707,9.499602688736311e9,0.02609169839555263,0.1226014967029919,2.3550672915552533
0.5435263422021346,1.1294323231056156e10,0.02841779868221238,0.12485713279992748,2.6461347041134147
0.5448052277131984,1.3586931649588707e10,0.02094734069631383,0.12103032952289389,3.771223757457365
0.5460841132242622,1.6579016024202396e10,0.02365616431884768,0.1215304454097091,2.5191168529671226
0.5473629987353261,2.060414776842358e10,0.0245080586647776,0.12243715296938355,2.540331094901307
0.5486418842463899,2.6228698089614063e10,0.025077239955807268,0.1233842234769172,2.677819306987772
0.5499207697574537,3.451991991077059e10,0.025691441022898723,0.12478718325094623,2.966574673455152
0.5511996552685177,4.775138007175314e10,0.026686557119272276,0.1276715927287829,3.6413978783369574
0.5524785407795815,7.17871213184976e10,0.029816922036254554,0.13864090786630498,6.062082162686691
0.5537574262906453,1.2782849988229317e11,0.0622818894043303,0.24083918871345839,22.96876400122544
0.5550363118017092,3.97616252459612e11,0.020712517912130055,0.1975300759887786,19.60208729812467
0.556315197312773,4.7777475436969385e11,0.02619207024326022,0.13270442825697282,11.659412948384428
0.5575940828238368,1.6337113861740417e11,0.024211494970879568,0.12239813969455082,4.751025083107465
0.5588729683349007,2.8564424383930025e14,0.024002418073487117,0.12128159140989497,3.7040439541878887
0.5601518538459646,3.226270115135068e13,0.02374738490993311,0.1209774046848758,3.2184562778159624
0.5614307393570284,4.760374771399819e12,0.023341299249203924,0.12128331611300754,3.299187309485925
0.5627096248680923,3.2949644267719673e12,0.03523461514669358,0.19250395109124124,18.995199609581665
0.5639885103791561,2.0261028174729544e11,0.02531064653536504,0.12201190450404364,3.5051984486460723
0.5652673958902199,1.0016741636206346e11,0.024422074113434514,0.12086517715816447,2.8834112357534107
0.5665462814012838,4.966300899628265e10,0.0241261059655091,0.1206323949884115,2.781432895013987
0.5678251669123476,2.689715733779697e10,0.023958363845830007,0.12055466396066324,2.7997516576436796
0.5691040524234114,1.5889450882974401e10,0.0238594279816805,0.12057806246704986,2.910162492745658
0.5703829379344754,1.0197370713653969e10,0.023871242920736495,0.12081330794201942,3.1752766970334303
0.5716618234455392,3.54535492325328e10,0.024349419806069295,0.12197734611112464,3.9231537363849682
0.572940708956603,8.049611811866408e10,0.03360417608508808,0.1432277415238322,10.373609971624903
0.5742195944676669,1.7003701805019775e11,0.024661340667573386,0.12622752144108537,6.684904341221586
0.5754984799787307,4.1963191786163043e11,0.027010423924448752,0.13243261595307187,7.813341574282911
0.5767773654897945,4.3545792127080513e12,0.22227406874609112,0.6832862536544887,63.501559696019925
0.5780562510008584,8.025846801511744e11,0.046083797408873986,0.17096343119871335,9.726684471879121
0.5793351365119223,3.99862547081413e11,0.033205138990869576,0.13817871615186308,4.849021505125202
0.5806140220229861,2.534762364680479e11,0.029849782004849883,0.13113680632777464,3.5854224533756627
0.58189290753405,1.455743437336735e11,0.028425178623594494,0.1283646953571336,3.052254018870607
0.5831717930451138,2.7157200820405712e10,0.027671536711377107,0.1269657176964716,2.7801370626867024
0.5844506785561776,1.3393042091552878e11,0.027222353842647776,0.12616042612942596,2.6260441685069327
0.5857295640672415,3.747418397381823e11,0.026934436024644126,0.1256603802861827,2.534509828997802
0.5870084495783053,7.551538758574143e11,0.02674011706318324,0.1253361796572651,2.4817761112830494
0.5882873350893691,1.3758695089313254e12,0.02660187859093652,0.12512198536668145,2.459503925991652
0.5895662206004331,2.4166764757298584e12,0.026494338161581754,0.12498297264598619,2.4732893529043083
0.5908451061114969,4.2114983990405356e12,0.026394300953386907,0.12491229556736601,2.562718208609152
0.5921239916225607,7.406389231831385e12,0.026285457502439144,0.12504131181648337,2.9585951240095505
0.5934028771336246,1.331009478466704e13,0.0284668320444065,0.13283777859918705,7.882273386962149
0.5946817626446884,2.471908231575195e13,0.028897049000982573,0.12853363846378452,4.259295667217963
0.5959606481557522,1.3954237133702074e19,0.027495520748027823,0.1260600609224535,2.7583057559278967
0.5972395336668161,1.5683089261561196e16,0.02728057175633345,0.12573655544445644,2.51655578278785
0.59851841917788,1.155347274772876e15,0.02724568583373839,0.12568742324988597,2.4576036655289917
0.5997973046889438,5.3430974590753444e14,0.027264814296747417,0.12574035953019386,2.516452108941171
0.6010761902000077,1.495396059968636e15,0.027376031811309737,0.12583873093689854,2.513858494237417
0.6023550757110715,5.04291065486361e15,0.027454187474819102,0.12593213782784196,2.5053338438939776
0.6036339612221353,2.2452110818424428e16,0.02756688932974334,0.12607424214673338,2.592207306065933
0.6049128467331991,1.5777180786639264e17,0.02771341017641303,0.12626446852824322,2.766016722039548
0.606191732244263,2.7007317560268206e18,0.027981525384524135,0.12666500050395066,3.172312702461321
0.6074706177553268,6.088871328886654e20,0.02736498960700425,0.1258393162608064,4.616490473917252
0.6087495032663907,9.220897484755254e10,0.02856439636957373,0.20322093436640795,31.25549020238116
0.6100283887774546,2.689304593230427e10,0.02752107035183698,0.12701397348028676,3.198881272044957
0.6113072742885184,1.441066984683096e10,0.027519597435390186,0.1264900645710716,2.5881464586172123
0.6125861597995822,8.122352306795615e9,0.02748191834667678,0.12629578908420688,2.4706056906145766
0.6138650453106461,6.282152269274377e9,0.027347008457854396,0.12603301560467178,2.4913274041179503
0.6151439308217099,3.0498079438267586e10,0.026917224675302328,0.12538851341619442,2.740883953561187
0.6164228163327737,2.7569731221617957e11,0.025935680822319392,0.12526482955078086,6.310810374020508
0.6177017018438377,2.2849320276716446e11,0.03200234876967012,0.133610082935651,3.163554969100868
0.6189805873549015,1.7385752222704495e11,0.029928492006857235,0.1299442486342108,2.3640452703805135
0.6202594728659653,1.901244439524143e11,0.02956546829301656,0.1292952518957557,2.2659842526703775
0.6215383583770292,1.8029083055523468e11,0.029500710254423204,0.12914072606383817,2.2440370636038756
0.622817243888093,2.416482057315644e11,0.02955145921656025,0.12917016217342414,2.2440295791547413
0.6240961293991568,4.232553020472942e12,0.029669125982022274,0.12930140944829008,2.2588213034748783
0.6253750149102207,5.317463919989584e13,0.0298386654576783,0.12950786336179174,2.2963285405793097
0.6266539004212845,1.515578355821329e15,0.030058276138325127,0.1297840658543581,2.395478211905879
0.6279327859323484,9.82753314540651e17,0.03033468947518614,0.13013733326411958,2.85227065305831
0.6292116714434123,5.29563052555273e7,0.030278834969287394,0.13015124084849578,2.2010785834014306
0.6304905569544761,3.9865098025290765e7,0.030309061520428046,0.13020011525585085,2.200609365350761
0.6317694424655399,3.02769622335891e7,0.030334103164859398,0.13024072338442363,2.200207640105014
0.6330483279766038,2.318437569921673e7,0.03035422069832581,0.13027343323435706,2.199875507406588
0.6343272134876676,1.788937870056143e7,0.030369634325178432,0.1302985557668069,2.199614916996309
0.6356060989987314,1.3902583699178442e7,0.030380519613720385,0.1303163391904199,2.199427524772773
0.6368849845097954,1.0876971863510113e7,0.0303870044006922,0.13032696457511037,2.1993145861801624
0.6381638700208592,8.563887561075758e6,0.030389166625651932,0.13033054277480116,2.1992768828432423
