ts,Es,e_L1_ts
0.0,37580.72995708227,-0.0
0.00011111111111111112,25.377884598665503,8.076191635724144e-8
0.00022222222222222223,8.147894111256287,8.42420488363539e-8
0.0003333333333333334,4.758208683418363,1.7286575123004957e-7
0.00044444444444444447,3.383206938491643,1.1675279352273512e-7
0.0005555555555555556,2.6627980852019433,5.101391466967319e-8
0.0006666666666666666,2.227706234076287,5.375346103207183e-8
0.0007777777777777777,1.9400400116058596,-8.867014993039192e-10
0.0008888888888888888,1.7375577066282355,8.961212836864788e-9
0.001,1.5883082731468288,6.845588849769356e-8
0.0011111111111111111,1.474305739637866,9.441152880945765e-8
0.0012222222222222222,1.3847070916123172,5.971077421983107e-8
0.0013333333333333333,1.3126223486326283,1.4720577489418277e-7
0.0014444444444444444,1.2534870010033585,1.775680893658317e-7
0.0015555555555555555,1.2041722729885171,2.3152926256369776e-7
0.0016666666666666666,1.162471065978298,2.6124666147215427e-7
0.0017777777777777776,1.1267873246445843,3.626636585002152e-7
0.0018888888888888887,1.0959412861646054,4.311743800525894e-7
0.002,1.069043571407787,5.035408916071136e-7
0.0021111111111111113,1.045411635846323,4.3615735063534457e-7
0.0022222222222222227,1.024513062054779,5.002636905303675e-7
0.002333333333333334,1.005926303236953,4.7639143264319987e-7
0.0024444444444444453,0.9893130108771424,4.5397154308673164e-7
0.0025555555555555566,0.9743982089468793,4.4379304349609444e-7
0.002666666666666668,0.9609558730726568,4.450236489660685e-7
0.002777777777777779,0.9487982888776894,4.969639997061912e-7
0.0028888888888888905,0.9377680928158313,5.186130498728195e-7
0.003000000000000002,0.9277322449397712,5.81042471718381e-7
0.003111111111111113,0.9185774037783219,6.571139995144805e-7
0.0032222222222222244,0.9102063431225788,7.395601502075839e-7
0.0033333333333333357,0.9025351391050976,8.21063224494337e-7
0.003444444444444447,0.8954909410695654,8.603172510205515e-7
0.0035555555555555583,0.8890101889561999,9.246094275950844e-7
0.0036666666666666696,0.8830371721035192,1.0207486085444952e-6
0.003777777777777781,0.8775228557095565,1.0319604042019858e-6
0.0038888888888888922,0.8724239158548899,1.0985549472266877e-6
0.0040000000000000036,0.8677019421899798,1.1280758171397961e-6
0.004111111111111115,0.8633227715427833,1.1676759704130619e-6
0.004222222222222226,0.8592559297286445,1.2262446877296945e-6
0.0043333333333333375,0.8554741600034578,1.2217170791015649e-6
0.004444444444444449,0.8519530223297733,1.254494009209536e-6
0.00455555555555556,0.8486705517996075,1.2708730747989153e-6
0.004666666666666671,0.845606965767291,1.3176216955853672e-6
0.004777777777777783,0.8427444106339539,1.3224642404687418e-6
0.004888888888888894,0.8400667430504285,1.4051855258913336e-6
0.005000000000000005,0.8375593411180192,1.4739741362103454e-6
0.005111111111111117,0.8352089377978302,1.4709283362491222e-6
0.005222222222222228,0.8330034764422712,1.4808622728189424e-6
0.005333333333333339,0.8309319841075757,1.5300690845860683e-6
0.0054444444444444505,0.828984459614903,1.5542636291486045e-6
0.005555555555555562,0.8271517747699527,1.5500425832191257e-6
0.005666666666666673,0.8254255872467686,1.5652798664337976e-6
0.0057777777777777845,0.8237982635945548,1.5591591123732844e-6
0.005888888888888896,0.8222628101251632,1.6066564362466384e-6
0.006000000000000007,0.820812811974573,1.6490691202006801e-6
0.006111111111111118,0.8194423783400262,1.693293307244271e-6
0.00622222222222223,0.8181460942119692,1.7175663013135228e-6
0.006333333333333341,0.8169189759746354,1.7727050170665553e-6
0.006444444444444452,0.8157564328870479,1.7491326674066033e-6
0.006555555555555564,0.8146542313307148,1.77677014802575e-6
0.006666666666666675,0.8136084636455804,1.8160595850805673e-6
0.006777777777777786,0.8126155194590577,1.8662514978479223e-6
0.0068888888888888975,0.8116720599976329,1.9224529123693975e-6
0.007000000000000009,0.810774994675372,1.957474096263894e-6
0.00711111111111112,0.8099214602800346,1.989074141839028e-6
0.007222222222222231,0.8091088021180733,1.998071502872179e-6
0.007333333333333343,0.808334556166459,2.0451384937080754e-6
0.007444444444444454,0.8075964340776691,2.0661900100036047e-6
0.007555555555555565,0.8068923083698527,2.1068189714884845e-6
0.007666666666666677,0.806220200080504,2.139230509134234e-6
0.007777777777777788,0.8055782665136646,2.156166288162733e-6
0.007888888888888898,0.8049647907446179,2.195863356557579e-6
0.008000000000000009,0.8043781718412887,2.202692534307114e-6
0.00811111111111112,0.8038169156072671,2.248380390277693e-6
0.00822222222222223,0.8032796268992249,2.307471915306073e-6
0.00833333333333334,0.8027650018747334,2.2913326801113848e-6
0.00844444444444445,0.8022718210402775,2.318782274860668e-6
0.008555555555555561,0.8017989431761593,2.3461263336810903e-6
0.008666666666666671,0.8013452996996329,2.327130708451193e-6
0.008777777777777782,0.8009098888855564,2.388991751438946e-6
0.008888888888888892,0.8004917716571998,2.393870771122907e-6
0.009000000000000003,0.8000900666388535,2.4292125096251284e-6
0.009111111111111113,0.7997039463766398,2.431455795268404e-6
0.009222222222222224,0.7993326332286602,2.486601686396826e-6
0.009333333333333334,0.7989753963490147,2.5155559381104096e-6
0.009444444444444445,0.7986315479624596,2.5539693210536125e-6
0.009555555555555555,0.7983004409249863,2.5819544664795407e-6
0.009666666666666665,0.797981465538749,2.597400171374662e-6
0.009777777777777776,0.7976740472252504,2.615936767171014e-6
0.009888888888888886,0.797377644309269,2.6403198858209596e-6
0.009999999999999997,0.7970917456449008,2.6511184061127134e-6
0.010111111111111107,0.796815868721017,2.701940407862546e-6
0.010222222222222218,0.7965495577093759,2.757648701675686e-6
0.010333333333333328,0.7962923820347357,2.812010348488535e-6
0.010444444444444438,0.796043934402912,2.878428616798194e-6
0.010555555555555549,0.7958038295837276,2.8820224532310707e-6
0.01066666666666666,0.7955717028903181,2.9261172305780062e-6
0.01077777777777777,0.7953472090069418,2.973134072993917e-6
0.01088888888888888,0.7951300208217525,3.0071035341541484e-6
0.01099999999999999,0.7949198281852653,3.0158610265745082e-6
0.011111111111111101,0.7947163368732499,3.029224466268048e-6
0.011222222222222212,0.7945192677280443,3.0508917488024333e-6
0.011333333333333322,0.7943283558621885,3.106526843575655e-6
0.011444444444444432,0.7941433496455615,3.0989477836670637e-6
0.011555555555555543,0.793964009925675,3.1245275981211044e-6
0.011666666666666653,0.7937901094271458,3.1230027479962847e-6
0.011777777777777764,0.7936214320153717,3.145239685172848e-6
0.011888888888888874,0.7934577719926654,3.1665496450989924e-6
0.011999999999999985,0.7932989335549806,3.178139289401979e-6
0.012111111111111095,0.7931447303198244,3.1830938815865803e-6
0.012222222222222206,0.7929949846618097,3.231006136894726e-6
0.012333333333333316,0.792849527366368,3.27138687531927e-6
0.012444444444444426,0.7927081970316194,3.306991933906656e-6
0.012555555555555537,0.7925708396978557,3.3413414374605127e-6
0.012666666666666647,0.7924373085335332,3.3605199209837704e-6
0.012777777777777758,0.7923074632924758,3.374853187857529e-6
0.012888888888888868,0.7921811700993042,3.3793751428324903e-6
0.012999999999999979,0.7920583009929368,3.3778941157403214e-6
0.013111111111111089,0.7919387337223925,3.404630166012759e-6
0.0132222222222222,0.7918223514650986,3.438379587919413e-6
0.01333333333333331,0.7917090424111276,3.4755650046296194e-6
0.01344444444444442,0.7915986997278756,3.471885027953767e-6
0.01355555555555553,0.7914912209307552,3.5097812199331262e-6
0.013666666666666641,0.7913865080738138,3.537726511174007e-6
0.013777777777777752,0.7912844673253941,3.5757774620990528e-6
0.013888888888888862,0.7911850087700198,3.5860109331755813e-6
0.013999999999999973,0.791088046221944,3.6126439184214495e-6
0.014111111111111083,0.7909934970345697,3.6469980325077302e-6
0.014222222222222193,0.7909012819938938,3.6840067295975288e-6
0.014333333333333304,0.790811325134388,3.684917878282001e-6
0.014444444444444414,0.7907235534504837,3.681978352646676e-6
0.014555555555555525,0.7906378969013746,3.734694986813738e-6
0.014666666666666635,0.7905542882411312,3.750232289846643e-6
0.014777777777777746,0.7904726629138319,3.7693265507419856e-6
0.014888888888888856,0.7903929588432115,3.7786703715447948e-6
0.014999999999999966,0.7903151163442241,3.79421252258748e-6
0.015111111111111077,0.790239078056028,3.843893863999351e-6
0.015222222222222187,0.7901647888041843,3.871396860812614e-6
0.015333333333333298,0.790092195545512,3.909400189650798e-6
0.015444444444444408,0.7900212472037064,3.895091761333059e-6
0.015555555555555519,0.7899518945808448,3.907582759692424e-6
0.01566666666666663,0.7898840903673114,3.92517776564983e-6
0.01577777777777774,0.7898177889575924,3.926504649807906e-6
0.01588888888888885,0.7897529464110734,3.941771087744127e-6
0.015999999999999962,0.7896895204065223,3.952834934863051e-6
0.016111111111111073,0.7896274701458489,3.977173829482034e-6
0.016222222222222183,0.7895667563024796,3.990996244199381e-6
0.016333333333333293,0.7895073408904792,4.018811421917904e-6
0.016444444444444404,0.7894491873474402,4.035937722552349e-6
0.016555555555555514,0.7893922603536203,4.043924109514874e-6
0.016666666666666625,0.7893365257931647,4.069170019282806e-6
0.016777777777777735,0.7892819507564026,4.1000586493626726e-6
0.016888888888888846,0.7892285034867285,4.11360384733929e-6
0.016999999999999956,0.7891761532380486,4.14277620654194e-6
0.017111111111111067,0.7891248704054532,4.147266098572967e-6
0.017222222222222177,0.7890746262893574,4.158066525539486e-6
0.017333333333333287,0.7890253931585798,4.190245214303892e-6
0.017444444444444398,0.7889771442778191,4.185791450922489e-6
0.01755555555555551,0.7889298537105133,4.205402953252907e-6
0.01766666666666662,0.7888834963913776,4.215783785447049e-6
0.01777777777777773,0.788838048086009,4.244854686533788e-6
0.01788888888888884,0.7887934853292989,4.2610131241358015e-6
0.01799999999999995,0.7887497854241201,4.2695548602096135e-6
0.01811111111111106,0.7887069263799388,4.30570028787169e-6
0.01822222222222217,0.7886648868617723,4.365520305030238e-6
0.01833333333333328,0.7886236462827595,4.403024998667482e-6
0.018444444444444392,0.7885831846533011,4.410484051553177e-6
0.018555555555555502,0.7885434826306216,4.437496971977771e-6
0.018666666666666613,0.788504521447893,4.4547774935870875e-6
0.018777777777777723,0.7884662828978971,4.479207725818942e-6
0.018888888888888834,0.7884287493818465,4.492468272175622e-6
0.018999999999999944,0.7883919037688443,4.503541608469578e-6
0.019111111111111054,0.7883557294705068,4.534721782701655e-6
0.019222222222222165,0.7883202104072996,4.552744508862122e-6
0.019333333333333275,0.788285330955054,4.56879603162038e-6
0.019444444444444386,0.7882510759612634,4.583603267120511e-6
0.019555555555555496,0.7882174307085196,4.605126803794523e-6
0.019666666666666607,0.788184380923153,4.6240670851308575e-6
0.019777777777777717,0.7881519127403795,4.639737495826295e-6
0.019888888888888828,0.7881200126843215,4.648646303770682e-6
0.019999999999999938,0.7880886676729659,4.676790796939999e-6
0.02011111111111105,0.7880578650047398,4.689355254280713e-6
0.02022222222222216,0.7880275923030907,4.706912762446933e-6
0.02033333333333327,0.7879978375972052,4.7200517166047795e-6
0.02044444444444438,0.7879685891815499,4.743111660586305e-6
0.02055555555555549,0.7879398357407362,4.763204809151001e-6
0.0206666666666666,0.7879115662190637,4.801901189395534e-6
0.02077777777777771,0.7878837699151853,4.815185882881534e-6
0.02088888888888882,0.7878564363820519,4.809042115398095e-6
0.020999999999999932,0.7878295554561314,4.821536383884833e-6
0.021111111111111042,0.787803117262471,4.848627193964735e-6
0.021222222222222153,0.787777112202484,4.8566492672971895e-6
0.021333333333333263,0.787751530896523,4.871818259726286e-6
0.021444444444444374,0.7877263642604839,4.8796410452125125e-6
0.021555555555555484,0.7877016034171999,4.8783669787607466e-6
0.021666666666666595,0.7876772397422911,4.8902060346778126e-6
0.021777777777777705,0.787653264802547,4.909918220405323e-6
0.021888888888888815,0.7876296704350272,4.91893896230947e-6
0.021999999999999926,0.7876064486166011,4.966885601508854e-6
0.022111111111111036,0.787583591619948,4.990852473554573e-6
0.022222222222222147,0.7875610918575598,5.0182704059206215e-6
0.022333333333333257,0.7875389419469867,5.051315944506913e-6
0.022444444444444368,0.7875171346950722,5.06428746429227e-6
0.022555555555555478,0.7874956630978542,5.067177877480693e-6
0.02266666666666659,0.7874745202989466,5.069949406704062e-6
0.0227777777777777,0.7874536996385987,5.095041724199459e-6
0.02288888888888881,0.7874331946234594,5.11414239698341e-6
0.02299999999999992,0.7874129989079561,5.1274753968353114e-6
0.02311111111111103,0.7873931062966063,5.1570481940605155e-6
0.02322222222222214,0.7873735107649862,5.17123894286684e-6
0.02333333333333325,0.7873542064371647,5.174764590477698e-6
0.02344444444444436,0.7873351875504218,5.190627582909731e-6
0.023555555555555472,0.7873164485142612,5.1781863706277515e-6
0.023666666666666582,0.7872979838329912,5.216085620055132e-6
0.023777777777777693,0.7872797881839819,5.238962107527919e-6
0.023888888888888803,0.7872618563619361,5.263690653912945e-6
0.023999999999999914,0.7872441832660627,5.302567783307663e-6
0.024111111111111024,0.7872267639258983,5.323882390088014e-6
0.024222222222222135,0.7872095934897799,5.335937735800455e-6
0.024333333333333245,0.7871926672186411,5.351248694468462e-6
0.024444444444444356,0.7871759804936032,5.364526938722978e-6
0.024555555555555466,0.7871595287592678,5.366383552590938e-6
0.024666666666666576,0.7871433076170293,5.391599600602466e-6
0.024777777777777687,0.7871273127428914,5.410548465694946e-6
0.024888888888888797,0.787111539911686,5.45108507503685e-6
0.024999999999999908,0.7870959850142063,5.449267496582193e-6
0.025111111111111018,0.7870806440114921,5.485089461268288e-6
0.02522222222222213,0.7870655129774824,5.484186876501558e-6
0.02533333333333324,0.7870505880559433,5.483211716729388e-6
0.02544444444444435,0.7870358654713814,5.496964926781777e-6
0.02555555555555546,0.7870213415552205,5.509533820193663e-6
0.02566666666666657,0.7870070126874558,5.522094634999331e-6
0.02577777777777768,0.7869928753715023,5.53536137152129e-6
0.02588888888888879,0.7869789261566147,5.535357325362262e-6
0.0259999999999999,0.7869651616716666,5.529516493650585e-6
0.026111111111111012,0.7869515786238214,5.536965945332618e-6
0.026222222222222123,0.7869381737830031,5.542482828319177e-6
0.026333333333333233,0.786924943996272,5.585107558546628e-6
0.026444444444444343,0.7869118861945952,5.6007810093314845e-6
0.026555555555555454,0.786898997337173,5.6399611385351635e-6
0.026666666666666564,0.7868862744920211,5.658872561704902e-6
0.026777777777777675,0.7868737147568685,5.660987166275227e-6
0.026888888888888785,0.7868613153079694,5.662560444130296e-6
0.026999999999999896,0.7868490733552719,5.696275023820251e-6
0.027111111111111006,0.7868369862112989,5.713150303450158e-6
0.027222222222222116,0.7868250512172336,5.729831878577371e-6
0.027333333333333227,0.7868132657694734,5.738671030678998e-6
0.027444444444444337,0.7868016273224854,5.7483766367096716e-6
0.027555555555555448,0.7867901333745602,5.7698777078507744e-6
0.027666666666666558,0.7867787814842383,5.8061149149678045e-6
0.02777777777777767,0.7867675692736181,5.83011234792777e-6
0.02788888888888878,0.7867564943941114,5.8428277136676325e-6
0.02799999999999989,0.7867455545541087,5.865760931971758e-6
0.028111111111111,0.7867347475048292,5.880210981252671e-6
0.02822222222222211,0.7867240710364042,5.895390983120315e-6
0.02833333333333322,0.7867135230019032,5.9114834290034635e-6
0.02844444444444433,0.7867031012843293,5.930295211459242e-6
0.028555555555555442,0.7866928038104809,5.954377862905788e-6
0.028666666666666552,0.7866826285492613,5.969209890283343e-6
0.028777777777777663,0.7866725735210152,5.9657901810583635e-6
0.028888888888888773,0.7866626367615472,5.976355738106214e-6
0.028999999999999884,0.7866528163587967,5.983647919242368e-6
0.029111111111110994,0.7866431104529228,5.991556722294387e-6
0.029222222222222104,0.7866335172016716,5.993227741044569e-6
0.029333333333333215,0.7866240347934869,6.02413745249111e-6
0.029444444444444325,0.7866146614776323,6.023883510427572e-6
0.029555555555555436,0.7866053955193305,6.035753753919033e-6
0.029666666666666546,0.7865962352097211,6.053962262641012e-6
0.029777777777777657,0.7865871788966512,6.0555650342209325e-6
0.029888888888888767,0.7865782249374802,6.058400736448377e-6
0.029999999999999877,0.786569371742327,6.074036997958392e-6
0.030111111111110988,0.7865606177303412,6.090692011651791e-6
0.0302222222222221,0.7865519613588632,6.099915868901146e-6
0.03033333333333321,0.7865434011254984,6.120052594998253e-6
0.03044444444444432,0.7865349355463843,6.1361576508123005e-6
0.03055555555555543,0.7865265631584029,6.1517014272912126e-6
0.03066666666666654,0.7865182825415347,6.166686484464223e-6
0.03077777777777765,0.7865100922937532,6.179475900107281e-6
0.03088888888888876,0.786501991034822,6.21599085785148e-6
0.03099999999999987,0.7864939774241605,6.228481242824924e-6
0.031111111111110982,0.786486050143138,6.231750833540116e-6
0.031222222222222092,0.7864782078851216,6.2434931522977475e-6
0.031333333333333206,0.7864704493748582,6.270406449366985e-6
0.03144444444444432,0.7864627733601522,6.268050325512026e-6
0.03155555555555543,0.7864551786188002,6.26068647318474e-6
0.03166666666666654,0.7864476639398231,6.27326604345018e-6
0.03177777777777765,0.7864402281427348,6.280511694341001e-6
0.03188888888888876,0.7864328700619743,6.28563678213875e-6
0.03199999999999987,0.7864255885538236,6.293782364555745e-6
0.03211111111111098,0.7864183824989504,6.316263470173121e-6
0.03222222222222209,0.786411250796596,6.343003079396743e-6
0.0323333333333332,0.7864041923767354,6.336492425881889e-6
0.03244444444444431,0.7863972061689818,6.349024578571064e-6
0.03255555555555542,0.7863902911278579,6.368930923042353e-6
0.03266666666666653,0.786383446239411,6.3586250177255235e-6
0.03277777777777764,0.7863766704947646,6.373497583421295e-6
0.03288888888888875,0.7863699629053585,6.396959553372853e-6
0.03299999999999986,0.786363322503547,6.4246310664809336e-6
0.03311111111111097,0.7863567483304912,6.443736810748442e-6
0.033222222222222084,0.7863502394571682,6.457420896948192e-6
0.033333333333333194,0.7863437949640008,6.4629940153894935e-6
0.033444444444444305,0.7863374139445828,6.488813861247928e-6
0.033555555555555415,0.7863310955123726,6.506511745225779e-6
0.033666666666666525,0.7863248387903846,6.5106494802186665e-6
0.033777777777777636,0.7863186429231517,6.535450253415982e-6
0.033888888888888746,0.786312507071467,6.547612537311475e-6
0.03399999999999986,0.7863064304121952,6.55876920788132e-6
0.03411111111111097,0.7863004121251355,6.583476051199125e-6
0.03422222222222208,0.7862944514125271,6.589480103081322e-6
0.03433333333333319,0.786288547483249,6.5987709722686e-6
0.0344444444444443,0.786282699567778,6.6239497932247965e-6
0.03455555555555541,0.7862769069113215,6.633969481584154e-6
0.03466666666666652,0.786271168768921,6.659507755443006e-6
0.03477777777777763,0.7862654844000541,6.671781111640556e-6
0.03488888888888874,0.7862598530896078,6.6663313233005555e-6
0.03499999999999985,0.7862542741196149,6.683216105963203e-6
0.03511111111111096,0.7862487467979631,6.694346891209519e-6
0.03522222222222207,0.7862432704334662,6.7060191484582205e-6
0.03533333333333318,0.7862378443655864,6.7154839434060805e-6
0.03544444444444429,0.7862324679224405,6.717493816523968e-6
0.0355555555555554,0.7862271404500841,6.727925889563107e-6
0.03566666666666651,0.7862218613061228,6.762008645947648e-6
0.035777777777777624,0.7862166298638891,6.762880988381548e-6
0.035888888888888734,0.7862114455057629,6.762266908698705e-6
0.035999999999999845,0.7862063076143156,6.783923983499424e-6
0.036111111111110955,0.7862012155939353,6.7951923897908696e-6
0.036222222222222066,0.7861961688545769,6.801441253111535e-6
0.036333333333333176,0.7861911668167716,6.8087792819644305e-6
0.036444444444444286,0.7861862089019168,6.818005378473546e-6
0.0365555555555554,0.7861812945521048,6.835755109388786e-6
0.03666666666666651,0.7861764232166,6.84725753167234e-6
0.03677777777777762,0.786171594344291,6.8662894521361005e-6
0.03688888888888873,0.7861668074079023,6.865590927226789e-6
0.03699999999999984,0.7861620618784747,6.881298823460281e-6
0.03711111111111095,0.7861573572395614,6.8765881333567554e-6
0.03722222222222206,0.7861526929777338,6.886846647062289e-6
0.03733333333333317,0.7861480685891153,6.911151402123309e-6
0.03744444444444428,0.7861434835848532,6.9334574983073285e-6
0.03755555555555539,0.7861389374773204,6.943968913727197e-6
0.0376666666666665,0.7861344297859366,6.9541712107952985e-6
0.03777777777777761,0.78612996003754,6.973372576457932e-6
0.03788888888888872,0.7861255277706282,6.999743400852387e-6
0.03799999999999983,0.7861211325392152,7.017727298881689e-6
0.03811111111111094,0.7861167738839562,7.027323536087307e-6
0.03822222222222205,0.786112451361327,7.038405226537066e-6
0.038333333333333164,0.786108164543272,7.045323968112834e-6
0.038444444444444274,0.7861039129925362,7.05845341909207e-6
0.038555555555555385,0.7860996962929613,7.06779877824635e-6
0.038666666666666495,0.7860955140255005,7.072191510093168e-6
0.038777777777777606,0.7860913657866493,7.0718680234861475e-6
0.038888888888888716,0.7860872511593907,7.111117794966619e-6
0.038999999999999826,0.7860831697643554,7.1285359701502106e-6
0.03911111111111094,0.7860791212006437,7.15829023435488e-6
0.03922222222222205,0.7860751050927978,7.153039868353811e-6
0.03933333333333316,0.786071121052392,7.161480768304001e-6
0.03944444444444427,0.7860671687151416,7.1556726374284425e-6
0.03955555555555538,0.7860632477035614,7.168163981355287e-6
0.03966666666666649,0.7860593576537491,7.204909044008754e-6
0.0397777777777776,0.7860554982228568,7.214660643043297e-6
0.03988888888888871,0.7860516690519471,7.214159961423545e-6
0.03999999999999982,0.7860478697952635,7.223774336910376e-6
0.04011111111111093,0.7860441001087513,7.246230465540521e-6
0.04022222222222204,0.7860403596661203,7.251194561049605e-6
0.04033333333333315,0.7860366481305574,7.254183573289951e-6
0.04044444444444426,0.7860329651731202,7.280530054067371e-6
0.04055555555555537,0.7860293104768433,7.298415064658552e-6
0.04066666666666648,0.786025683723083,7.316297106782785e-6
0.040777777777777593,0.7860220845980808,7.324264444793868e-6
0.040888888888888704,0.7860185127975388,7.363940774617977e-6
0.040999999999999814,0.7860149680201384,7.384112673036977e-6
0.041111111111110925,0.7860114499678825,7.400408387867088e-6
0.041222222222222035,0.7860079583435677,7.400968894233853e-6
0.041333333333333146,0.7860044928596058,7.432437728902019e-6
0.041444444444444256,0.7860010532305722,7.446897242851701e-6
0.04155555555555537,0.785997639174189,7.4496009798752434e-6
0.04166666666666648,0.7859942504108492,7.468408766205615e-6
0.04177777777777759,0.785990886669941,7.4752803572942085e-6
0.0418888888888887,0.7859875476781748,7.496927722801142e-6
0.04199999999999981,0.7859842331757525,7.502976407006142e-6
0.04211111111111092,0.7859809428945435,7.5100477260325995e-6
0.04222222222222203,0.7859776765839186,7.519054110767661e-6
0.04233333333333314,0.7859744339816616,7.539520975609294e-6
0.04244444444444425,0.7859712148414426,7.554303182483998e-6
0.04255555555555536,0.7859680189130525,7.548383109917536e-6
0.04266666666666647,0.7859648459517248,7.569388818464872e-6
0.04277777777777758,0.7859616957162173,7.588483790333575e-6
0.04288888888888869,0.7859585679707565,7.604743541639594e-6
0.0429999999999998,0.7859554624837783,7.60959519380874e-6
0.04311111111111091,0.7859523790185335,7.623115893983087e-6
0.04322222222222202,0.7859493173551725,7.632915149821697e-6
0.043333333333333134,0.7859462772613465,7.651622208118568e-6
0.043444444444444244,0.7859432585205207,7.674146926860784e-6
0.043555555555555354,0.7859402609106849,7.699292042078217e-6
0.043666666666666465,0.7859372842244187,7.704049332736712e-6
0.043777777777777575,0.7859343282377824,7.717614532345735e-6
0.043888888888888686,0.7859313927470586,7.733923353212695e-6
0.043999999999999796,0.7859284775505659,7.742698251935538e-6
0.04411111111111091,0.7859255824352989,7.7675522447127e-6
0.04422222222222202,0.7859227072017867,7.7703264595599e-6
0.04433333333333313,0.7859198516551197,7.792412214246433e-6
0.04444444444444424,0.7859170156027674,7.798528092581751e-6
0.04455555555555535,0.7859141988417658,7.813105688499866e-6
0.04466666666666646,0.7859114011869586,7.827536441870391e-6
0.04477777777777757,0.7859086224507674,7.844379075073916e-6
0.04488888888888868,0.7859058624458549,7.859389032214474e-6
0.04499999999999979,0.7859031209922903,7.87168854753469e-6
0.0451111111111109,0.7859003979030174,7.872386970334574e-6
0.04522222222222201,0.7858976930065075,7.872586035290506e-6
0.04533333333333312,0.785895006117394,7.887190650822026e-6
0.04544444444444423,0.7858923370672807,7.894915147523123e-6
0.04555555555555534,0.7858896856836348,7.924382082215167e-6
0.04566666666666645,0.7858870518030912,7.945182530244079e-6
0.04577777777777756,0.7858844352521172,7.957674506082413e-6
0.045888888888888674,0.7858818358717711,7.960168444115191e-6
0.045999999999999784,0.7858792534933174,7.96946539435653e-6
0.046111111111110895,0.7858766879526342,7.99241928165111e-6
0.046222222222222005,0.785874139100578,8.003729950451403e-6
0.046333333333333115,0.7858716067753183,8.01477113263229e-6
0.046444444444444226,0.7858690908215736,8.01551501075697e-6
0.046555555555555336,0.7858665910864455,8.03625183060854e-6
0.04666666666666645,0.7858641074237288,8.037236037859532e-6
0.04677777777777756,0.7858616396787216,8.058603926506477e-6
0.04688888888888867,0.7858591877046128,8.082577339244554e-6
0.04699999999999978,0.7858567513636371,8.088248166927046e-6
0.04711111111111089,0.7858543305076581,8.109355557647554e-6
0.047222222222222,0.7858519249985375,8.118309780802317e-6
0.04733333333333311,0.7858495346893272,8.123089221037974e-6
0.04744444444444422,0.7858471594433901,8.154179634080882e-6
0.04755555555555533,0.7858447991304891,8.168601790275165e-6
0.04766666666666644,0.785842453608069,8.18035283515866e-6
0.04777777777777755,0.7858401227520437,8.19268047126953e-6
0.04788888888888866,0.7858378064237076,8.204414663867126e-6
0.04799999999999977,0.785835504496779,8.22495805286927e-6
0.04811111111111088,0.7858332168419149,8.228677225999581e-6
0.04822222222222199,0.7858309433316889,8.247038869981468e-6
0.0483333333333331,0.7858286838430719,8.255106611755682e-6
0.048444444444444214,0.7858264382535568,8.253829848593917e-6
0.048555555555555324,0.7858242064315122,8.287646726760377e-6
0.048666666666666435,0.785821988266269,8.305872338373967e-6
0.048777777777777545,0.785819783635186,8.333491688151302e-6
0.048888888888888656,0.7858175924252198,8.330881373377542e-6
0.048999999999999766,0.78581541451457,8.352233329306924e-6
0.049111111111110876,0.785813249788691,8.375761752220221e-6
0.04922222222222199,0.7858110981335935,8.395273356083308e-6
0.0493333333333331,0.785808959441322,8.403789286916558e-6
0.04944444444444421,0.7858068335950342,8.421167846559423e-6
0.04955555555555532,0.7858047204862553,8.435449726571702e-6
0.04966666666666643,0.7858026200139162,8.42654577495172e-6
0.04977777777777754,0.7858005320618177,8.439882475103429e-6
0.04988888888888865,0.785798456528549,8.444778015509389e-6
0.04999999999999976,0.7857963933090742,8.464635476550637e-6
0.05011111111111087,0.7857943422956356,8.477273949806693e-6
0.05022222222222198,0.7857923033923409,8.496165816687004e-6
0.05033333333333309,0.7857902764958453,8.507610334901888e-6
0.0504444444444442,0.7857882615049573,8.51963819290213e-6
0.05055555555555531,0.7857862583224443,8.541266504352151e-6
0.05066666666666642,0.785784266849068,8.549233584609863e-6
0.05077777777777753,0.7857822869896094,8.567384001527697e-6
0.05088888888888864,0.7857803186461102,8.589624743155683e-6
0.050999999999999754,0.785778361728651,8.602618844149344e-6
0.051111111111110864,0.7857764161431945,8.599791980222262e-6
0.051222222222221975,0.78577448179518,8.605524305350072e-6
0.051333333333333085,0.7857725585920663,8.624661310856632e-6
0.051444444444444196,0.785770646447188,8.647880343515341e-6
0.051555555555555306,0.7857687452704705,8.656673253757834e-6
0.051666666666666416,0.7857668549704716,8.678731302217993e-6
0.05177777777777753,0.7857649754635948,8.68747644887913e-6
0.05188888888888864,0.7857631066622343,8.693090362954408e-6
0.05199999999999975,0.7857612484790609,8.69762425102063e-6
0.05211111111111086,0.7857594008307542,8.719965790991752e-6
0.05222222222222197,0.7857575636354635,8.73821601681236e-6
0.05233333333333308,0.7857557368116554,8.754875587357799e-6
0.05244444444444419,0.7857539202774042,8.776420283731002e-6
0.0525555555555553,0.7857521139481809,8.787625526005392e-6
0.05266666666666641,0.7857503177472107,8.800345396375614e-6
0.05277777777777752,0.7857485315959921,8.812937376437474e-6
0.05288888888888863,0.7857467554128673,8.821152005833296e-6
0.05299999999999974,0.7857449891253963,8.834933582322448e-6
0.05311111111111085,0.7857432326501878,8.852614751570386e-6
0.05322222222222196,0.7857414859150267,8.86838480414675e-6
0.05333333333333307,0.7857397488495429,8.877904931318524e-6
0.053444444444444184,0.785738021374842,8.89577433594231e-6
0.053555555555555294,0.7857363034195559,8.904973487377904e-6
0.053666666666666404,0.7857345949073926,8.923539211055613e-6
0.053777777777777515,0.7857328957699676,8.928350809051103e-6
0.053888888888888625,0.785731205934536,8.943155332962432e-6
0.053999999999999736,0.7857295253323795,8.955864491761896e-6
0.054111111111110846,0.7857278538905321,8.977999315717631e-6
0.05422222222222196,0.7857261915451167,8.99713753443007e-6
0.05433333333333307,0.7857245382240683,9.0193627453599e-6
0.05444444444444418,0.7857228938611021,9.031963217133548e-6
0.05455555555555529,0.7857212583888258,9.047295644308834e-6
0.0546666666666664,0.7857196317438094,9.069170282209497e-6
0.05477777777777751,0.7857180138582445,9.085983373259126e-6
0.05488888888888862,0.7857164046649142,9.106220053254397e-6
0.05499999999999973,0.7857148041036517,9.131753791120707e-6
0.05511111111111084,0.7857132121097877,9.144613535653528e-6
0.05522222222222195,0.785711628619091,9.15436723770468e-6
0.05533333333333306,0.7857100535697334,9.16925463567012e-6
0.05544444444444417,0.7857084869036504,9.17563627800683e-6
0.05555555555555528,0.7857069285566863,9.189386260817806e-6
0.05566666666666639,0.7857053784696081,9.20860306032051e-6
0.0557777777777775,0.7857038365810743,9.229775101771347e-6
0.05588888888888861,0.785702302832925,9.247766572235844e-6
0.055999999999999724,0.7857007771657359,9.268147507617534e-6
0.056111111111110834,0.7856992595225337,9.271745702664289e-6
0.056222222222221944,0.7856977498472122,9.282831312511513e-6
0.056333333333333055,0.7856962480811512,9.2986077997323e-6
0.056444444444444165,0.7856947541691319,9.318800427386318e-6
0.056555555555555276,0.7856932680530854,9.335463581097461e-6
0.056666666666666386,0.7856917896801239,9.345401476449812e-6
0.0567777777777775,0.7856903189943701,9.354612037592911e-6
0.05688888888888861,0.7856888559420592,9.361806600511137e-6
0.05699999999999972,0.7856874004677904,9.380993594709364e-6
0.05711111111111083,0.7856859525204988,9.410179115233824e-6
0.05722222222222194,0.7856845120473667,9.417696120908973e-6
0.05733333333333305,0.7856830789974425,9.4279431792495e-6
0.05744444444444416,0.7856816533157137,9.433436772825936e-6
0.05755555555555527,0.7856802349548849,9.444960889716216e-6
0.05766666666666638,0.7856788238599782,9.463700807994045e-6
0.05777777777777749,0.7856774199846672,9.47076162725387e-6
0.0578888888888886,0.7856760232782523,9.485352196612449e-6
0.05799999999999971,0.7856746336883741,9.498457105590619e-6
0.05811111111111082,0.7856732511725899,9.524769221294111e-6
0.05822222222222193,0.785671875676884,9.545572023237084e-6
0.05833333333333304,0.7856705071558566,9.553064913436835e-6
0.05844444444444415,0.7856691455608691,9.560168342961046e-6
0.058555555555555264,0.7856677908436995,9.576376784133527e-6
0.058666666666666374,0.7856664429600073,9.597755940701745e-6
0.058777777777777485,0.7856651018627658,9.609323273802932e-6
0.058888888888888595,0.7856637675040823,9.627177759947518e-6
0.058999999999999705,0.7856624398454479,9.634619813363868e-6
0.059111111111110816,0.7856611188368946,9.642289187602989e-6
0.059222222222221926,0.7856598044343472,9.667834349472125e-6
0.05933333333333304,0.7856584965935361,9.673262566174325e-6
0.05944444444444415,0.7856571952707785,9.697854633535242e-6
0.05955555555555526,0.7856559004239547,9.704036383392037e-6
0.05966666666666637,0.7856546120083638,9.732199536330005e-6
0.05977777777777748,0.7856533299828331,9.742847922357945e-6
0.05988888888888859,0.7856520543048094,9.756108692480144e-6
0.0599999999999997,0.7856507849342053,9.775406257185525e-6
0.06011111111111081,0.7856495218273273,9.78891929740231e-6
0.06022222222222192,0.7856482649408048,9.80170420651869e-6
0.06033333333333303,0.7856470142384425,9.825002357792611e-6
0.06044444444444414,0.7856457696780315,9.842947891267551e-6
0.06055555555555525,0.7856445312210397,9.849198818949114e-6
0.06066666666666636,0.7856432988251905,9.870267819004421e-6
0.06077777777777747,0.7856420724521259,9.885860187755632e-6
0.06088888888888858,0.7856408520646699,9.894443915310695e-6
0.06099999999999969,0.7856396376227083,9.902708827035724e-6
0.061111111111110804,0.7856384290864296,9.916015771041351e-6
0.061222222222221914,0.7856372264211651,9.926484488382726e-6
0.061333333333333025,0.7856360295867588,9.947654866179238e-6
0.061444444444444135,0.7856348385475037,9.95881206800985e-6
0.061555555555555246,0.7856336532645528,9.976816612711404e-6
0.061666666666666356,0.7856324737029704,9.99338599962638e-6
0.061777777777777466,0.7856312998243444,1.0002316170759462e-5
0.06188888888888858,0.7856301315957885,1.001659217918788e-5
0.06199999999999969,0.7856289689772183,1.0027160464453781e-5
0.0621111111111108,0.785627811937037,1.0028488546063707e-5
0.06222222222222191,0.7856266604386901,1.005565342369715e-5
0.06233333333333302,0.7856255144488538,1.006428035156322e-5
0.06244444444444413,0.7856243739305597,1.0075037100346606e-5
0.06255555555555524,0.7856232388501845,1.0088716797883135e-5
0.06266666666666636,0.7856221091734017,1.0100085270247243e-5
0.06277777777777747,0.7856209848676887,1.012710979993034e-5
0.06288888888888859,0.7856198658991408,1.0145431666746864e-5
0.06299999999999971,0.7856187522352912,1.0158243000762167e-5
0.06311111111111083,0.7856176438411244,1.0166498044923796e-5
0.06322222222222194,0.7856165406855411,1.0185998064618124e-5
0.06333333333333306,0.7856154427379296,1.0191919608289706e-5
0.06344444444444418,0.7856143499631212,1.0211957599821092e-5
0.0635555555555553,0.7856132623285682,1.022615077255937e-5
0.06366666666666641,0.7856121798047039,1.0244828400585107e-5
0.06377777777777753,0.785611102361921,1.025452678339483e-5
0.06388888888888865,0.7856100299658046,1.0272015037445955e-5
0.06399999999999977,0.7856089625865481,1.0294272896698484e-5
0.06411111111111088,0.785607900193976,1.0327499565157258e-5
0.064222222222222,0.7856068427577668,1.0336949808928118e-5
0.06433333333333312,0.7856057902483844,1.0363648772910366e-5
0.06444444444444423,0.7856047426348811,1.0388453270767882e-5
0.06455555555555535,0.7856036998886297,1.0409329016768945e-5
0.06466666666666647,0.7856026619794679,1.0427263391579703e-5
0.06477777777777759,0.7856016288774506,1.0443230701629248e-5
0.0648888888888887,0.7856006005554358,1.0461100719784828e-5
0.06499999999999982,0.7855995769838088,1.0482584315189037e-5
0.06511111111111094,0.7855985581342495,1.0501424224416165e-5
0.06522222222222206,0.7855975439803544,1.0523079363076255e-5
0.06533333333333317,0.7855965344921654,1.0540718510355985e-5
0.06544444444444429,0.7855955296423607,1.0551625829118703e-5
0.06555555555555541,0.7855945294026416,1.0577400287482176e-5
0.06566666666666653,0.785593533745794,1.0596529856650822e-5
0.06577777777777764,0.7855925426458116,1.0607327691204831e-5
0.06588888888888876,0.7855915560752925,1.061883081585538e-5
0.06599999999999988,0.7855905740051164,1.0636926873943891e-5
0.066111111111111,0.7855895964115439,1.0652621771209562e-5
0.06622222222222211,0.7855886232677523,1.0663531054120066e-5
0.06633333333333323,0.7855876545460873,1.0680131538461397e-5
0.06644444444444435,0.7855866902221471,1.0700954165533337e-5
0.06655555555555547,0.7855857302701155,1.071562820599444e-5
0.06666666666666658,0.785584774663949,1.0730436697732277e-5
0.0667777777777777,0.7855838233791065,1.0744598255495271e-5
0.06688888888888882,0.7855828763882455,1.0762207195596988e-5
0.06699999999999993,0.7855819336702657,1.0778339239662262e-5
0.06711111111111105,0.7855809951978446,1.0809620948154709e-5
0.06722222222222217,0.7855800609459515,1.0826077353758931e-5
0.06733333333333329,0.7855791308901727,1.0841193530232165e-5
0.0674444444444444,0.7855782050059352,1.085554739476565e-5
0.06755555555555552,0.7855772832725624,1.086038514313157e-5
0.06766666666666664,0.7855763656628845,1.0872801051530279e-5
0.06777777777777776,0.7855754521540877,1.088429164749986e-5
0.06788888888888887,0.7855745427223857,1.0893304708149336e-5
0.06799999999999999,0.7855736373446177,1.0901034652242555e-5
0.06811111111111111,0.785572735997042,1.0914028529178956e-5
0.06822222222222223,0.7855718386591223,1.0925128310210238e-5
0.06833333333333334,0.7855709453047874,1.095234959498813e-5
0.06844444444444446,0.7855700559135167,1.0957433758639895e-5
0.06855555555555558,0.7855691704594991,1.0986413486947555e-5
0.0686666666666667,0.7855682889250266,1.099822129650437e-5
0.06877777777777781,0.785567411284549,1.1009025103292962e-5
0.06888888888888893,0.7855665375166897,1.1021107755838044e-5
0.06900000000000005,0.7855656676002677,1.104853858622945e-5
0.06911111111111116,0.7855648015137362,1.106069546620226e-5
0.06922222222222228,0.7855639392338106,1.1085359098852242e-5
0.0693333333333334,0.7855630807416909,1.1094356326267912e-5
0.06944444444444452,0.7855622260153237,1.1092585804359756e-5
0.06955555555555563,0.7855613750303904,1.1121627913359287e-5
0.06966666666666675,0.7855605277711435,1.1123935611234443e-5
0.06977777777777787,0.7855596842148799,1.113571595452204e-5
0.06988888888888899,0.7855588443388781,1.114852789156645e-5
0.0700000000000001,0.7855580081251987,1.1156682757626787e-5
0.07011111111111122,0.7855571755531867,1.1173001586238805e-5
0.07022222222222234,0.7855563466004857,1.1181508736828194e-5
0.07033333333333346,0.7855555212479381,1.1186219714734436e-5
0.07044444444444457,0.7855546994770368,1.1191242907242052e-5
0.07055555555555569,0.7855538812659285,1.1211338506141283e-5
0.07066666666666681,0.7855530665972051,1.121591539102901e-5
0.07077777777777793,0.7855522554512159,1.1223990923460853e-5
0.07088888888888904,0.7855514478058582,1.1247144137403243e-5
0.07100000000000016,0.7855506436433881,1.1256934810652672e-5
0.07111111111111128,0.7855498429449767,1.1274014956220999e-5
0.0712222222222224,0.7855490456922724,1.1288454015464155e-5
0.07133333333333351,0.7855482518647172,1.1296738745608101e-5
0.07144444444444463,0.785547461445487,1.1305220281026334e-5
0.07155555555555575,0.785546674414099,1.1322811955590709e-5
0.07166666666666686,0.7855458907539943,1.1337389031042481e-5
0.07177777777777798,0.7855451104455146,1.1346121843322306e-5
0.0718888888888891,0.7855443334698247,1.137066661986852e-5
0.07200000000000022,0.7855435598096755,1.1386067633363239e-5
0.07211111111111133,0.7855427894473601,1.1387449270055416e-5
0.07222222222222245,0.7855420223647668,1.1406622397647424e-5
0.07233333333333357,0.785541258544769,1.1412870052575942e-5
0.07244444444444469,0.7855404979685495,1.1431841164978896e-5
0.0725555555555558,0.7855397406196947,1.1449997913118889e-5
0.07266666666666692,0.7855389864806539,1.1456220906432439e-5
0.07277777777777804,0.7855382355347671,1.146000436532481e-5
0.07288888888888916,0.7855374877623482,1.1472999239578584e-5
0.07300000000000027,0.7855367431494474,1.14859465264627e-5
0.07311111111111139,0.7855360016768614,1.1502555155343766e-5
0.07322222222222251,0.7855352633298911,1.1514977829075574e-5
0.07333333333333363,0.7855345280900665,1.1539209766110715e-5
0.07344444444444474,0.7855337959422741,1.1548718452504542e-5
0.07355555555555586,0.7855330668687284,1.156612399529316e-5
0.07366666666666698,0.7855323408537692,1.1579062992204543e-5
0.0737777777777781,0.7855316178804633,1.1585635701703287e-5
0.07388888888888921,0.7855308979337802,1.1591620070680363e-5
0.07400000000000033,0.7855301809971045,1.1611964280655758e-5
0.07411111111111145,0.7855294670540527,1.163365570521399e-5
0.07422222222222256,0.7855287560889643,1.1658074362029325e-5
0.07433333333333368,0.7855280480873312,1.1679781217656087e-5
0.0744444444444448,0.7855273430316645,1.1696768242780926e-5
0.07455555555555592,0.7855266409056454,1.1708466002588672e-5
0.07466666666666703,0.785525941697443,1.1720388675333002e-5
0.07477777777777815,0.7855252453899209,1.173071254140651e-5
0.07488888888888927,0.7855245519666307,1.1729674406957336e-5
0.07500000000000039,0.785523861414295,1.1735564296852047e-5
0.0751111111111115,0.7855231737161857,1.1747267929994103e-5
0.07522222222222262,0.7855224888584031,1.1774454942180034e-5
0.07533333333333374,0.7855218068274564,1.1784408972280747e-5
0.07544444444444486,0.7855211276056763,1.1787998357034295e-5
0.07555555555555597,0.7855204511800047,1.1808634384815168e-5
0.07566666666666709,0.7855197775366614,1.1825796374299342e-5
0.07577777777777821,0.7855191066594399,1.1847586647785856e-5
0.07588888888888932,0.7855184385354381,1.1869036904170018e-5
0.07600000000000044,0.7855177731499992,1.1885152806485141e-5
0.07611111111111156,0.7855171104884167,1.190359602087548e-5
0.07622222222222268,0.7855164505383143,1.1920797485281113e-5
0.0763333333333338,0.7855157932840151,1.1928628973553904e-5
0.07644444444444491,0.7855151387116954,1.1945549727763527e-5
0.07655555555555603,0.7855144868083097,1.1974668905166822e-5
0.07666666666666715,0.7855138375592248,1.1977995237361907e-5
0.07677777777777826,0.7855131909514307,1.1992771861622431e-5
0.07688888888888938,0.785512546970997,1.2014578036026715e-5
0.0770000000000005,0.7855119056035649,1.2035296131488955e-5
0.07711111111111162,0.7855112668358877,1.2053898811194398e-5
0.07722222222222273,0.7855106306575473,1.2066957345571178e-5
0.07733333333333385,0.7855099970536193,1.2073605598979922e-5
0.07744444444444497,0.7855093660086239,1.2106615678025085e-5
0.07755555555555609,0.7855087375130424,1.211988088961567e-5
0.0776666666666672,0.7855081115513542,1.2133407967982512e-5
0.07777777777777832,0.7855074881117935,1.2139668460983566e-5
0.07788888888888944,0.7855068671811358,1.2146558136381246e-5
0.07800000000000056,0.7855062487484067,1.2163928543315624e-5
0.07811111111111167,0.7855056327986155,1.2173605682550552e-5
0.07822222222222279,0.7855050193207312,1.2194643169010648e-5
0.07833333333333391,0.7855044083016158,1.2208505257908707e-5
0.07844444444444502,0.7855037997270135,1.2227429095250985e-5
0.07855555555555614,0.7855031935877528,1.2242283161052297e-5
0.07866666666666726,0.7855025898695951,1.2246333705387932e-5
0.07877777777777838,0.7855019885613415,1.2263930970881112e-5
0.0788888888888895,0.785501389649842,1.2274821715679058e-5
0.07900000000000061,0.7855007931243783,1.2291471344267083e-5
0.07911111111111173,0.785500198972123,1.2303258788390188e-5
0.07922222222222285,0.7854996071813245,1.2317662462340356e-5
0.07933333333333396,0.785499017739469,1.2346750934271628e-5
0.07944444444444508,0.7854984306351056,1.2355640924031881e-5
0.0795555555555562,0.7854978458582353,1.2363706143849088e-5
0.07966666666666732,0.7854972633951408,1.2365095051899519e-5
0.07977777777777843,0.7854966832354663,1.2367712121795436e-5
0.07988888888888955,0.7854961053664814,1.2382903615204e-5
0.08000000000000067,0.7854955297775819,1.2378940504400184e-5
0.08011111111111179,0.7854949564570349,1.2388944430272982e-5
0.0802222222222229,0.7854943853936963,1.2409847984172236e-5
0.08033333333333402,0.7854938165776527,1.2423130591708489e-5
0.08044444444444514,0.7854932499961303,1.2448881998430937e-5
0.08055555555555625,0.7854926856384807,1.2456555043649872e-5
0.08066666666666737,0.7854921234952945,1.2469953859008938e-5
0.08077777777777849,0.7854915635533044,1.2477546876109399e-5
0.0808888888888896,0.7854910058032006,1.2485461030278937e-5
0.08100000000000072,0.7854904502328028,1.2503013698750002e-5
0.08111111111111184,0.7854898968319405,1.251795848571498e-5
0.08122222222222296,0.7854893455896669,1.2542830600727587e-5
0.08133333333333408,0.7854887964959636,1.255799253404017e-5
0.0814444444444452,0.7854882495409703,1.25653820393191e-5
0.08155555555555631,0.785487704712638,1.2561396322217236e-5
0.08166666666666743,0.78548716200184,1.256978549294762e-5
0.08177777777777855,0.7854866213969466,1.2574705293240884e-5
0.08188888888888966,0.7854860828883298,1.2591733779753168e-5
0.08200000000000078,0.7854855464655923,1.2613601593243133e-5
0.0821111111111119,0.7854850121196705,1.2614806488580183e-5
0.08222222222222302,0.7854844798375198,1.2626032770939863e-5
0.08233333333333413,0.7854839496118686,1.2648337624889753e-5
0.08244444444444525,0.785483421430886,1.2664613912671797e-5
0.08255555555555637,0.7854828952866362,1.2668551481969116e-5
0.08266666666666748,0.7854823711682177,1.2672369797519378e-5
0.0827777777777786,0.7854818490649207,1.268771727329045e-5
0.08288888888888972,0.7854813289683671,1.2695117923813466e-5
0.08300000000000084,0.7854808108673869,1.2702671085999526e-5
0.08311111111111195,0.7854802947540955,1.2723303857364863e-5
0.08322222222222307,0.7854797806181509,1.2740411525800204e-5
0.08333333333333419,0.7854792684491709,1.274806780698496e-5
0.0834444444444453,0.7854787582379579,1.276940852081217e-5
0.08355555555555642,0.785478249976036,1.279406498450507e-5
0.08366666666666754,0.7854777436531496,1.2803175051007648e-5
0.08377777777777866,0.7854772392608848,1.2809580386232593e-5
0.08388888888888978,0.7854767367890189,1.2812304539744561e-5
0.0840000000000009,0.785476236227833,1.282412015250388e-5
0.08411111111111201,0.7854757375692025,1.2836991482518295e-5
0.08422222222222313,0.7854752408038445,1.286288050532627e-5
0.08433333333333425,0.7854747459228546,1.2866013698267283e-5
0.08444444444444536,0.7854742529168794,1.288146930325495e-5
0.08455555555555648,0.7854737617771833,1.2899455084327979e-5
0.0846666666666676,0.7854732724946212,1.2911369412981578e-5
0.08477777777777872,0.7854727850602429,1.2933143562660027e-5
0.08488888888888983,0.7854722994652364,1.2939740155408154e-5
0.08500000000000095,0.7854718157009816,1.2957411236536328e-5
0.08511111111111207,0.7854713337590531,1.2964422194303662e-5
0.08522222222222318,0.7854708536307061,1.2972990612300414e-5
0.0853333333333343,0.785470375307179,1.2985586488566312e-5
0.08544444444444542,0.7854698987794914,1.299837847211562e-5
0.08555555555555654,0.7854694240390969,1.3013857714998302e-5
0.08566666666666765,0.7854689510789655,1.3020278743275395e-5
0.08577777777777877,0.7854684798893566,1.3027495197871543e-5
0.08588888888888989,0.785468010461175,1.3049217027116598e-5
0.086000000000001,0.7854675427878747,1.306698068284043e-5
0.08611111111111212,0.7854670768599642,1.3075608893930274e-5
0.08622222222222324,0.7854666126700633,1.3092830819314868e-5
0.08633333333333436,0.7854661502098222,1.3096943551209685e-5
0.08644444444444548,0.7854656894697886,1.3104528370235897e-5
0.0865555555555566,0.7854652304443662,1.3112678709931153e-5
0.08666666666666771,0.7854647731231027,1.3124401833137379e-5
0.08677777777777883,0.7854643174987757,1.3138985272048715e-5
0.08688888888888995,0.7854638635637935,1.3153180338916886e-5
0.08700000000000106,0.7854634113105432,1.3159463188047891e-5
0.08711111111111218,0.7854629607311234,1.3158073754133905e-5
0.0872222222222233,0.7854625118165756,1.3170889823692745e-5
0.08733333333333441,0.7854620645603828,1.3177217196327077e-5
0.08744444444444553,0.7854616189530759,1.3199823728644057e-5
0.08755555555555665,0.785461174988947,1.320265569600036e-5
0.08766666666666777,0.7854607326586296,1.3216778846614772e-5
0.08777777777777888,0.7854602919557248,1.3231198488729063e-5
0.08788888888889,0.7854598528727493,1.3237548323395408e-5
0.08800000000000112,0.785459415400552,1.3258030246460287e-5
0.08811111111111224,0.7854589795337918,1.327397032057031e-5
0.08822222222222335,0.7854585452640157,1.3279512362590622e-5
0.08833333333333447,0.7854581125846936,1.3296353738681216e-5
0.08844444444444559,0.7854576814872056,1.3315139892691612e-5
0.0885555555555567,0.785457251964765,1.3332776825071975e-5
0.08866666666666782,0.7854568240105534,1.3339000011226474e-5
0.08877777777777894,0.7854563976154298,1.3348628183593371e-5
0.08888888888889006,0.7854559727743686,1.3365894487340036e-5
0.08900000000000118,0.7854555494794059,1.3385075551460284e-5
0.08911111111111229,0.7854551277240185,1.33915099584064e-5
0.08922222222222341,0.7854547074997403,1.340078942211642e-5
0.08933333333333453,0.785454288800274,1.341954803152508e-5
0.08944444444444564,0.7854538716188946,1.342098225530213e-5
0.08955555555555676,0.7854534559482254,1.3424876093319412e-5
0.08966666666666788,0.78545304178113,1.3442421067845063e-5
0.089777777777779,0.7854526291110088,1.3466446870742686e-5
0.08988888888889011,0.7854522179323228,1.3473292656736587e-5
0.09000000000000123,0.7854518082365408,1.3494697382089108e-5
0.09011111111111235,0.7854514000171637,1.3516692852494458e-5
0.09022222222222347,0.7854509932679992,1.3536052733854512e-5
0.09033333333333458,0.785450587981639,1.3555984657466916e-5
0.0904444444444457,0.7854501841511704,1.3565243923056815e-5
0.09055555555555682,0.7854497817709578,1.3581093316701072e-5
0.09066666666666794,0.7854493808338381,1.3595472169307953e-5
0.09077777777777905,0.7854489813335502,1.3607324109100927e-5
0.09088888888889017,0.7854485832631926,1.3632004410093968e-5
0.09100000000000129,0.7854481866164019,1.3639988890819338e-5
0.0911111111111124,0.7854477913865752,1.3661568325695236e-5
0.09122222222222352,0.7854473975675081,1.3668933242440376e-5
0.09133333333333464,0.7854470051527072,1.3679322562407801e-5
0.09144444444444576,0.7854466141364412,1.3694484810363295e-5
0.09155555555555688,0.7854462245114203,1.3711477447714048e-5
0.09166666666666799,0.7854458362719663,1.3733790841367159e-5
0.09177777777777911,0.7854454494115577,1.3740679691428919e-5
0.09188888888889023,0.7854450639241992,1.3766249459919801e-5
0.09200000000000134,0.7854446798035563,1.3773724331452241e-5
0.09211111111111246,0.7854442970427201,1.378450564980624e-5
0.09222222222222358,0.7854439156369301,1.3801801799992893e-5
0.0923333333333347,0.7854435355798683,1.3798271618431683e-5
0.09244444444444581,0.785443156864607,1.3827325804496768e-5
0.09255555555555693,0.7854427794855833,1.3836708595362846e-5
0.09266666666666805,0.7854424034368555,1.3841988789278337e-5
0.09277777777777917,0.785442028712073,1.386243696546894e-5
0.09288888888889028,0.7854416553059488,1.3883023335538563e-5
0.0930000000000014,0.7854412832126736,1.3892740635432695e-5
0.09311111111111252,0.7854409124255803,1.3903838603146401e-5
0.09322222222222364,0.785440542939548,1.3922508826634017e-5
0.09333333333333475,0.7854401747486582,1.3940907668934724e-5
0.09344444444444587,0.7854398078470547,1.3958872687514235e-5
0.09355555555555699,0.7854394422286348,1.3986826171432153e-5
0.0936666666666681,0.7854390778877309,1.3989388776304941e-5
0.09377777777777922,0.7854387148189338,1.4006988137083589e-5
0.09388888888889034,0.7854383530175223,1.4023593190092479e-5
0.09400000000000146,0.7854379924756941,1.4041558510186546e-5
0.09411111111111257,0.785437633189718,1.4057353579135203e-5
0.09422222222222369,0.7854372751530425,1.4065019932393957e-5
0.09433333333333481,0.7854369183608125,1.4080584354524026e-5
0.09444444444444593,0.7854365628072739,1.408646013260402e-5
0.09455555555555704,0.7854362084861982,1.4101943960345898e-5
0.09466666666666816,0.7854358553927636,1.4114425770023692e-5
0.09477777777777928,0.785435503521569,1.4131590787198284e-5
0.0948888888888904,0.7854351528670749,1.4142040487679752e-5
0.09500000000000151,0.7854348034244827,1.4143396135626138e-5
0.09511111111111263,0.78543445518803,1.4162747903516898e-5
0.09522222222222375,0.7854341081521413,1.417784279863485e-5
0.09533333333333487,0.7854337623119477,1.4190470053711513e-5
0.09544444444444598,0.7854334176621242,1.4194009291357912e-5
0.0955555555555571,0.7854330741971767,1.420592800269404e-5
0.09566666666666822,0.7854327319118587,1.4220338316966194e-5
0.09577777777777934,0.7854323908012986,1.4234129216192013e-5
0.09588888888889045,0.7854320508604682,1.425054381775872e-5
0.09600000000000157,0.7854317120840139,1.4256656129703453e-5
0.09611111111111269,0.7854313744667133,1.4264489465719282e-5
0.0962222222222238,0.7854310380037677,1.4287160680274644e-5
0.09633333333333492,0.7854307026898973,1.4296090181132266e-5
0.09644444444444604,0.7854303685200883,1.4326021992481324e-5
0.09655555555555716,0.7854300354896646,1.43383220535035e-5
0.09666666666666827,0.7854297035939379,1.434505960423287e-5
0.09677777777777939,0.7854293728277317,1.4354803048370865e-5
0.09688888888889051,0.7854290431855855,1.4372929843439453e-5
0.09700000000000163,0.7854287146628853,1.4379353033664882e-5
0.09711111111111274,0.7854283872542972,1.4395243633860626e-5
0.09722222222222386,0.7854280609556523,1.4406760144036118e-5
0.09733333333333498,0.7854277357623469,1.4426763894337724e-5
0.0974444444444461,0.7854274116691387,1.4445261338316025e-5
0.09755555555555721,0.7854270886716264,1.4449139211961821e-5
0.09766666666666833,0.7854267667645092,1.4462149170987293e-5
0.09777777777777945,0.7854264459435574,1.4473959528320213e-5
0.09788888888889057,0.7854261262033796,1.44868634933831e-5
0.09800000000000168,0.7854258075396604,1.4505819615830254e-5
0.0981111111111128,0.7854254899479689,1.4523827174510385e-5
0.09822222222222392,0.7854251734238457,1.4527370541170318e-5
0.09833333333333504,0.7854248579620817,1.4541780479825647e-5
0.09844444444444615,0.7854245435590125,1.4563551044004461e-5
0.09855555555555727,0.7854242302090845,1.4585514905998703e-5
0.09866666666666839,0.7854239179087175,1.4603786621331958e-5
0.0987777777777795,0.785423606652971,1.461816615646743e-5
0.09888888888889062,0.78542329643705,1.4628911585837219e-5
0.09900000000000174,0.7854229872566162,1.4646599231302706e-5
0.09911111111111286,0.7854226791075339,1.4656818441630621e-5
0.09922222222222397,0.785422371985179,1.4663446873411295e-5
0.09933333333333509,0.7854220658852666,1.4681308893918848e-5
0.09944444444444621,0.7854217608034507,1.4692020110211886e-5
0.09955555555555733,0.7854214567354321,1.4703553507536352e-5
0.09966666666666844,0.7854211536770456,1.4705960839853032e-5
0.09977777777777956,0.7854208516241445,1.4718191594976045e-5
0.09988888888889068,0.7854205505720484,1.4727492055156043e-5
0.1000000000000018,0.7854202505160299,1.4735774270490643e-5
0.10011111111111291,0.7854199514519316,1.4750446859101548e-5
0.10022222222222403,0.7854196533761921,1.4767649130025791e-5
0.10033333333333515,0.7854193562845202,1.477565718256679e-5
0.10044444444444627,0.7854190601720917,1.4777236521345775e-5
0.10055555555555738,0.7854187650358738,1.478623972799782e-5
0.1006666666666685,0.7854184708709978,1.4804538380089973e-5
0.10077777777777962,0.7854181776725148,1.4827390452906737e-5
0.10088888888889073,0.7854178854375259,1.4843789179958257e-5
0.10100000000000185,0.7854175941618949,1.4849471806531047e-5
0.10111111111111297,0.7854173038413308,1.4860745428426213e-5
0.10122222222222409,0.7854170144721021,1.4874008762953765e-5
0.1013333333333352,0.7854167260500157,1.4891490409503791e-5
0.10144444444444632,0.7854164385707872,1.490230669873237e-5
0.10155555555555744,0.7854161520305439,1.490929696635801e-5
0.10166666666666856,0.7854158664251256,1.4919081016060574e-5
0.10177777777777967,0.7854155817513562,1.4915515563277194e-5
0.10188888888889079,0.785415298004727,1.4923209156851589e-5
0.10200000000000191,0.7854150151813974,1.4929073233336982e-5
0.10211111111111303,0.7854147332773825,1.4937650176012283e-5
0.10222222222222414,0.7854144522890372,1.4950048906687757e-5
0.10233333333333526,0.7854141722124467,1.496857033150288e-5
0.10244444444444638,0.7854138930438374,1.4982035952247083e-5
0.1025555555555575,0.7854136147794424,1.5001359951478847e-5
0.10266666666666861,0.7854133374154681,1.5014942059533954e-5
0.10277777777777973,0.7854130609482538,1.5035505719883265e-5
0.10288888888889085,0.7854127853743288,1.504986799021075e-5
0.10300000000000196,0.78541251068933,1.506575804062016e-5
0.10311111111111308,0.7854122368898362,1.5081936724333724e-5
0.1032222222222242,0.7854119639718067,1.508883007844236e-5
0.10333333333333532,0.785411691932283,1.5096936399054863e-5
0.10344444444444643,0.7854114207667697,1.5103277396296069e-5
0.10355555555555755,0.7854111504721093,1.5122884011377511e-5
0.10366666666666867,0.7854108810445899,1.5134381017631123e-5
0.10377777777777979,0.7854106124806282,1.5152247013988069e-5
0.1038888888888909,0.7854103447771429,1.5171215900113747e-5
0.10400000000000202,0.7854100779301031,1.5184143539247561e-5
0.10411111111111314,0.7854098119359596,1.519094307463009e-5
0.10422222222222426,0.7854095467908461,1.5210382880248745e-5
0.10433333333333537,0.7854092824911401,1.5230327567539672e-5
0.10444444444444649,0.7854090190342011,1.52610378759022e-5
0.10455555555555761,0.7854087564159657,1.528160035528304e-5
0.10466666666666873,0.7854084946332525,1.5300105021752937e-5
0.10477777777777984,0.7854082336830108,1.5311740152888773e-5
0.10488888888889096,0.7854079735610322,1.5316061364520545e-5
0.10500000000000208,0.7854077142640508,1.5331250426557752e-5
0.1051111111111132,0.7854074557887882,1.535054989166546e-5
0.10522222222222431,0.7854071981321393,1.5359264866741017e-5
0.10533333333333543,0.7854069412905673,1.5366333112419554e-5
0.10544444444444655,0.7854066852613513,1.537213289905851e-5
0.10555555555555766,0.7854064300402152,1.5381279736624886e-5
0.10566666666666878,0.7854061756238742,1.539573107379743e-5
0.1057777777777799,0.7854059220091534,1.5408960028226382e-5
0.10588888888889102,0.7854056691927148,1.5435419384995973e-5
0.10600000000000213,0.7854054171717039,1.5446322882969758e-5
0.10611111111111325,0.7854051659425593,1.5460243257825746e-5
0.10622222222222437,0.7854049155023793,1.546969593705234e-5
0.10633333333333549,0.78540466584731,1.5486709728413332e-5
0.1064444444444466,0.785404416974826,1.5506407444505513e-5
0.10655555555555772,0.7854041688813649,1.5514005524191423e-5
0.10666666666666884,0.7854039215638944,1.5532647181253666e-5
0.10677777777777996,0.7854036750192018,1.554442610667892e-5
0.10688888888889107,0.7854034292442288,1.5554282672163455e-5
0.10700000000000219,0.7854031842349946,1.5563302737811446e-5
0.10711111111111331,0.7854029399898338,1.5574652600294656e-5
0.10722222222222443,0.7854026965051086,1.5594427358971504e-5
0.10733333333333554,0.7854024537773739,1.559051154087871e-5
0.10744444444444666,0.7854022118040245,1.5609121745173786e-5
0.10755555555555778,0.785401970581848,1.562590616156205e-5
0.1076666666666689,0.7854017301073177,1.563782550976927e-5
0.10777777777778001,0.7854014903782366,1.564226623158863e-5
0.10788888888889113,0.7854012513906927,1.566242675414211e-5
0.10800000000000225,0.7854010131425999,1.568710660235277e-5
0.10811111111111336,0.7854007756308776,1.5697870936845577e-5
0.10822222222222448,0.7854005388519569,1.5719038805667565e-5
0.1083333333333356,0.7854003028031229,1.5741121556732335e-5
0.10844444444444672,0.7854000674817658,1.575154293103733e-5
0.10855555555555783,0.7853998328844431,1.5772883342912374e-5
0.10866666666666895,0.7853995990084778,1.5790027728293514e-5
0.10877777777778007,0.785399365851721,1.579866124790666e-5
0.10888888888889119,0.7853991334103162,1.580686727093639e-5
0.1090000000000023,0.7853989016809108,1.5821708946487944e-5
0.10911111111111342,0.7853986706619088,1.5836263884469813e-5
0.10922222222222454,0.7853984403495735,1.5853849559959412e-5
0.10933333333333566,0.7853982107415565,1.5874091865454823e-5
0.10944444444444677,0.785397981835089,1.5886774070282658e-5
0.10955555555555789,0.7853977536270679,1.5892769239082212e-5
0.10966666666666901,0.7853975261149506,1.5912375505241152e-5
0.10977777777778013,0.7853972992962484,1.591336552616537e-5
0.10988888888889124,0.7853970731677618,1.591206624510315e-5
0.11000000000000236,0.7853968477263906,1.592845278524854e-5
0.11011111111111348,0.7853966229698796,1.5935498332876418e-5
0.1102222222222246,0.7853963988957385,1.594259915175429e-5
0.11033333333333571,0.7853961755003229,1.596341444343078e-5
0.11044444444444683,0.7853959527817082,1.597426717332622e-5
0.11055555555555795,0.7853957307374744,1.598029223436914e-5
0.11066666666666906,0.785395509364333,1.59851254905037e-5
0.11077777777778018,0.7853952886599896,1.6004214459942604e-5
0.1108888888888913,0.7853950686215956,1.6018149045513586e-5
0.11100000000000242,0.7853948492467305,1.60329137731505e-5
0.11111111111111353,0.7853946305321963,1.604746467182926e-5
